MST1R	YES1	0.0
TYRO3	YES1	0.0
FGR	SRC	1.0
ATR	FLT1	0.0
LYN	PRKCD	2.0
LYN	SYK	8.0
LYN	MAP4K1	0.0
PDGFRB	PIK3CA	15.0
PHKG1	PHKG2	3.0
PDGFRA	PDGFRB	17.0
EIF2AK2	PDGFRB	1.0
ARAF	MAP2K1	31.0
MAP2K1	RPS6KA4	2.0
KSR2	MAP2K1	1.0
ABL1	ZAP70	1.0
PTK2B	ZAP70	2.0
MAP2K2	MAPK1	70.0
MAPK1	RPS6KA1	7.0
DYRK1B	MAPK1	0.0
KSR2	MAPK1	1.0
PRKCA	SRC	15.0
MYLK	PRKCA	5.0
BMPR2	PRKCB	1.0
MAPK6	PRKCB	0.0
GSK3B	PRKCB	14.0
PDPK1	PRKCB	9.0
HK2	PRKCE	2.0
PIK3CB	PRKCE	8.0
PDPK1	PRKCE	2.0
PIK3CB	PRKCD	11.0
PDPK1	PRKCD	3.0
MARK4	PRKCG	0.0
IRAK1	PRKCZ	0.0
MAP2K5	PRKCZ	1.0
DAPK3	PRKCZ	0.0
PDPK1	PRKCZ	3.0
ARAF	PKM	0.0
GSK3B	MARK2	0.0
BTK	PRKCZ	1.0
BTK	PRKCQ	1.0
BTK	PRKCE	0.0
BTK	PRKCA	1.0
OBSCN	TTN	0.0
ABL1	BTK	0.0
ABL1	MAP4K1	0.0
BMPR2	MOS	0.0
DDR2	SRC	0.0
MATK	SRC	0.0
SRC	TXK	0.0
MST1R	SRC	0.0
MYLK	SRC	4.0
EPHB2	SRC	1.0
PTK2B	SRC	5.0
PRKACA	SRC	14.0
GUCY2C	SRC	0.0
MAPK15	SRC	0.0
AMHR2	TGFBR1	2.0
ACVRL1	TGFBR1	1.0
BMPR1B	TGFBR1	3.0
MAP3K20	TGFBR1	1.0
ACVRL1	TGFBR2	1.0
CHUK	MAP3K8	4.0
BMPR2	MAP3K8	0.0
MAP2K4	MAP3K8	3.0
ATR	KDR	0.0
MATK	NTRK1	1.0
IRAK1	NTRK3	1.0
MAPK3	NTRK3	2.0
BRSK1	WEE1	0.0
MAPK3	RPS6KA3	7.0
RPS6KA3	STK11	1.0
PDPK1	RPS6KA3	3.0
MAP2K5	PRKCI	0.0
PDPK1	PRKCI	1.0
MARK4	PRKCI	0.0
CHUK	MAP3K11	1.0
MAP2K7	MAP3K11	1.0
IKBKB	MAP3K11	2.0
PTK2	SYK	1.0
PTK2B	SYK	2.0
MAP2K4	MAP3K10	0.0
MAP2K6	MAPK14	20.0
MAP2K4	MAPK14	14.0
MAP2K3	MAPK14	17.0
MAPK14	RPS6KA4	2.0
DYRK1B	MAPK14	0.0
MAPK14	MAPKAPK5	1.0
MAP2K4	MAP3K12	1.0
MAP2K7	MAP3K12	1.0
MARK3	PRKCQ	0.0
IKBKB	PRKCQ	8.0
PRKCQ	STK39	0.0
EPHB2	RYK	1.0
EPHB3	RYK	1.0
PLK4	TEC	0.0
PTK2	TRIO	0.0
GSK3B	PTK2	11.0
BMPR1A	BMPR2	5.0
BMPR1B	BMPR2	6.0
MAPK8	PRKDC	0.0
ATM	PRKDC	1.0
MAPK3	MYLK	7.0
CAMK2G	MYLK	3.0
PDPK1	PKN1	1.0
MAP2K4	MAPK8	16.0
MAP3K7	MAPK8	19.0
MAP2K7	MAPK8	18.0
MAP3K2	MAPK8	2.0
MAP2K6	MAPK12	20.0
MAP2K6	MAPK13	20.0
MAP2K2	MAPK3	70.0
CDC42BPA	LIMK1	0.0
LATS1	LIMK1	0.0
MAP2K4	MAPK12	14.0
MAP2K4	MAPK9	16.0
MAP2K4	MAPK10	16.0
PRKACA	STK11	3.0
PDPK1	PRKACA	4.0
MAPK3	RPS6KA1	7.0
PDPK1	RPS6KA1	3.0
MAPK3	RPS6KA2	7.0
TRIM24	TRIM28	0.0
MAP2K3	MAPK3	13.0
MAPK3	MKNK1	3.0
KSR2	MAPK3	1.0
MAP3K7	MAP4K1	1.0
CDC42BPA	LIMK2	0.0
MAPK13	MAPK3	43.0
ATM	STK11	1.0
RPS6KA5	STK11	0.0
MARK4	STK11	0.0
RPS6KB1	STK11	5.0
STK11	STRADA	2.0
MAP2K3	MAPK12	17.0
GSK3B	ILK	4.0
BUB1B	MAP3K4	0.0
MAP3K3	MAP3K5	2.0
MAP2K7	MAP3K5	6.0
ERN1	MAP3K5	3.0
MAP3K2	MAP3K5	1.0
MAPK7	SGK1	0.0
PDPK1	PKN2	1.0
MAP3K2	PKN2	0.0
OXSR1	PAK1	0.0
MAP3K14	MAP3K7	6.0
MAP2K7	MAPK9	18.0
MAPK11	MAPKAPK5	1.0
NEK6	SGK1	0.0
PDPK1	SGK1	4.0
CAMKK1	SGK1	0.0
PDK2	SGK1	0.0
ATM	CHEK1	5.0
ATR	CHEK1	5.0
CHEK1	TLK1	0.0
EIF2AK3	IKBKB	5.0
MAP3K14	RIPK1	4.0
ATM	CHEK2	4.0
ATR	CHEK2	4.0
NEK6	RPS6KB1	0.0
PDPK1	SGK2	2.0
PDPK1	SGK3	2.0
PDPK1	RPS6KB1	8.0
PDPK1	RPS6KB2	8.0
PRKCH	PRKD1	0.0
CASK	CSNK2A2	0.0
MAST2	STK36	0.0
CDK9	STK36	0.0
TLK1	TLK2	0.0
BRSK2	WEE1	0.0
MAPK1	PAK1	16.0
AKT1	GSK3B	30.0
GRK2	SRC	2.0
MAP3K7	STRADB	1.0
PLK1	WEE1	1.0
ACVR1	IKBKB	1.0
ACVR1	NEK8	0.0
ACVR1	NUAK2	0.0
ACVR1	PAK1	0.0
ACVR1	TGFBR1	2.0
AURKB	TGFBR1	0.0
BMPR1B	CDK4	0.0
BMPR1B	OXSR1	0.0
BMPR1B	PAK1	1.0
BMPR1B	STK35	0.0
CDK4	TGFBR1	7.0
CDK6	TGFBR1	5.0
CDKL1	TGFBR1	0.0
CHUK	EIF2AK2	7.0
CHUK	PRKCQ	7.0
CHUK	TGFBR1	10.0
CSNK1A1	TGFBR1	2.0
CSNK2A2	TGFBR1	1.0
DAPK2	TGFBR1	1.0
EIF2AK4	TGFBR1	0.0
IGF1R	PRKCD	1.0
IGF1R	PRKD1	1.0
IKBKB	TGFBR1	10.0
ITK	TGFBR1	0.0
MYO3A	TGFBR1	0.0
NEK6	TGFBR1	0.0
NEK8	TGFBR1	0.0
NUAK2	TGFBR1	0.0
OXSR1	TGFBR1	0.0
PAK1	TGFBR1	1.0
PLK4	TGFBR1	1.0
STK35	TGFBR1	0.0
TGFBR1	TSSK4	0.0
RAF1	STK3	1.0
LATS1	STK4	0.0
LATS2	STK3	2.0
PTK2	RIPK1	3.0
EGFR	PAK1	7.0
FGFR1	PAK1	4.0
MAP2K6	MAP3K5	4.0
PDGFRB	SRC	4.0
MAP3K14	MAPK3	7.0
FLT4	KDR	5.0
BRD2	FGFR1	0.0
MAP2K5	MAP3K2	2.0
MAP2K5	MAP3K3	2.0
NME1	NME4	3.0
CLK2	CLK3	0.0
MAPK3	RAF1	74.0
MAPK3	PRKCD	12.0
MAPK1	PRKCD	12.0
PAK1	PRKCD	3.0
MAPK3	PRKCE	9.0
MAPK3	PRKCZ	10.0
MAPK1	PRKCZ	10.0
EPHB2	KALRN	0.0
EPHA4	FGFR1	0.0
EPHA4	FGFR2	0.0
EPHA4	FGFR3	0.0
EPHB2	PTK2	1.0
FLT1	FYN	1.0
FLT1	YES1	0.0
EGFR	MET	14.0
EGFR	ERBB4	5.0
FLT4	PTK2	3.0
KDR	YES1	0.0
EGFR	MAP2K1	37.0
EGFR	EPHA2	4.0
EGFR	MAPK1	39.0
EGFR	PRKD1	1.0
FGFR1	RPS6KA1	2.0
FYN	KIT	1.0
HCK	KIT	0.0
IGF1R	INSR	12.0
IGF1R	JAK2	3.0
IGF1R	MAP3K5	1.0
INSR	JAK1	1.0
INSR	JAK2	1.0
INSR	SRC	2.0
JAK1	PDGFRB	4.0
JAK1	PDGFRA	4.0
JAK1	PRKCZ	1.0
JAK2	PDGFRB	3.0
JAK2	MST1R	0.0
LCK	PTK2	1.0
AKT1	MST1R	0.0
AKT1	PRKDC	0.0
AKT1	PDK2	0.0
AKT1	PAK1	12.0
AKT1	IKBKB	41.0
AKT1	WNK1	0.0
KIT	PRKCB	5.0
KIT	PIK3CG	2.0
LYN	TEC	0.0
PDGFRB	TYK2	2.0
EIF2AK2	MAP3K7	3.0
MAP2K1	PRKCZ	6.0
MAP2K1	PRKCI	3.0
MAP2K1	MAPK14	26.0
FGFR2	PTK2B	0.0
FGFR2	PAK4	2.0
MAPK1	PAK2	10.0
PRKCD	SRC	6.0
FES	JAK3	0.0
IRAK1	MAPK8	13.0
IRAK1	MAP3K7	12.0
IRAK1	RIPK2	2.0
BTK	PIP5K1B	0.0
BTK	PIP4K2B	0.0
BTK	PIP5K1A	0.0
BTK	PIP5K1C	0.0
BTK	PIP4K2A	0.0
BTK	PIP4K2C	0.0
PTK2	ROCK1	10.0
MAP2K4	MAP3K14	5.0
MAPK3	PAK2	10.0
MAP3K3	WNK1	0.0
IKBKB	TBK1	18.0
ACVR2A	ACVRL1	1.0
EEF2K	RPS6KB2	1.0
DAPK1	MAPK1	3.0
BMPR1B	SGK196	0.0
SGK196	TGFBR1	0.0
PAK1	TGFBR2	1.0
PRKCH	SRC	1.0
CDC7	CDK4	1.0
ABL1	PRKD1	0.0
CDK5	MAP2K1	0.0
ABL1	CDK5	1.0
CDK5	SRC	1.0
CDK5	ERBB3	0.0
CDK5	PAK1	1.0
CDK5	MAPK10	0.0
CAMK2B	CAMK2D	29.0
STK39	WNK4	0.0
CSK	FYN	0.0
CSK	HCK	0.0
CSK	LCK	0.0
CSK	FGR	0.0
CSK	LYN	1.0
CSK	SRC	1.0
CSK	MAPK15	0.0
KSR1	RAF1	3.0
KSR1	MAP2K1	1.0
EGFR	LYN	1.0
PAK2	YES1	0.0
EIF2AK2	TYK2	8.0
EIF2AK2	JAK1	9.0
EGFR	PIK3C2A	0.0
ERBB2	PIK3C2A	0.0
CDK5	PIP5K1C	0.0
NEK11	NEK2	0.0
EGFR	GRK2	1.0
PRKCE	RPS6KB2	4.0
PAK2	RAF1	9.0
MAP3K8	RIPK1	2.0
KSR1	MARK3	0.0
KSR1	MAPK1	3.0
CHUK	IKBKB	46.0
IRAK1	MAPK14	13.0
PIK3CA	RPS6KB1	25.0
PDK1	RPS6KB1	1.0
MAPK3	RPS6KB1	23.0
MAPK8	RPS6KB1	10.0
MAPK9	RPS6KB1	10.0
EGFR	ERBB2	18.0
CAMK2G	EGFR	9.0
CAMK2A	EGFR	9.0
CSF1R	FYN	1.0
EPHA8	FYN	1.0
FYN	TXK	0.0
EPHB3	FYN	1.0
EPHA4	FYN	1.0
ABL2	HCK	0.0
ABL1	HCK	1.0
BTK	HCK	0.0
MERTK	TNK2	0.0
INSR	PTK2	1.0
GSK3A	SGK1	0.0
JAK1	TYK2	15.0
FER	JAK1	0.0
ABL1	JAK1	1.0
BTK	JAK1	2.0
JAK2	RAF1	12.0
ERBB2	JAK2	2.0
ABL1	JAK2	1.0
KIT	LCK	0.0
LCK	ZAP70	8.0
LCK	PRKCD	0.0
JAK3	LCK	4.0
LCK	PRKCQ	5.0
HIPK3	LIMK2	0.0
ABL1	ABL2	3.0
AKT1	RAF1	60.0
AKT1	MAP3K8	4.0
AKT1	IRAK1	12.0
AKT1	MAP3K11	2.0
AKT1	CHUK	37.0
AKT1	MAP2K4	14.0
AKT1	MAP3K5	7.0
AKT1	CHEK1	3.0
AKT1	GSK3A	4.0
AKT2	CHUK	37.0
PDGFRB	RAF1	17.0
MAPK1	RAF1	74.0
PRKCA	RAF1	38.0
PRKCE	RAF1	6.0
PRKCZ	RAF1	7.0
PKM	RAF1	2.0
PAK3	RAF1	8.0
PRKACA	RAF1	25.0
MAP3K5	RAF1	4.0
MAPK7	RAF1	6.0
PAK1	RAF1	15.0
PRKAA1	RAF1	7.0
DMPK	RAF1	0.0
KSR2	RAF1	1.0
PBK	RAF1	0.0
IKBKE	ROCK2	0.0
LRRK1	PAK4	0.0
CAMK2A	CAMK2B	29.0
CAMK2A	CAMK2D	29.0
STK24	STK25	0.0
PASK	STK16	0.0
ROCK2	STK16	0.0
TTBK1	TTBK2	0.0
NEK6	NEK7	0.0
SNRK	STK16	0.0
CDK4	LYN	3.0
CHEK1	CSNK2A1	0.0
BMPR2	TGFBR1	3.0
ATR	PIK3CA	4.0
CDK5	LMTK2	0.0
MAPK14	SYK	7.0
AKT1	MAPK14	35.0
CDK2	CDK6	12.0
MAP3K1	MAPK8	8.0
PIK3CD	PIK3CG	7.0
EGFR	IGF1R	16.0
BTK	RPS6KB1	0.0
CSNK2A1	RPS6KB1	1.0
LYN	RPS6KB1	1.0
PRKCZ	RPS6KB1	3.0
BTK	RPS6KB2	0.0
LYN	RPS6KB2	1.0
AKT1	PAK6	6.0
PDK1	PKN2	0.0
PDK1	PKN1	0.0
LCK	PI4KA	0.0
BTK	FYN	3.0
IGF1R	PTK2	5.0
CSF1R	SRC	1.0
ITK	SRC	1.0
PTK2	YES1	0.0
MAP2K1	MAP3K1	6.0
MAPK14	RPS6KA3	6.0
MAPK14	RPS6KA5	5.0
ACVR1B	ACVR2A	3.0
PIK3CA	SGK1	4.0
EPHB2	YES1	0.0
AKT1	MARK2	0.0
ABL1	EPHA3	1.0
BRD4	FGFR1	0.0
BRD4	CDK9	0.0
MARK2	MARK3	0.0
MARK2	PRKCI	0.0
MARK2	MARK4	0.0
CDK9	TRIM28	0.0
ATM	TAOK3	0.0
ABL1	CDKL5	0.0
MAP3K3	PFKL	0.0
ABL2	SRC	1.0
MAP3K8	PFKL	0.0
MAP3K3	PRKDC	0.0
MAP3K3	MYLK2	0.0
CHUK	MAP3K3	3.0
MAP3K1	MYLK2	0.0
FYN	NEK8	0.0
CDKL5	FYN	0.0
FYN	MOS	0.0
MAP2K1	TRIB3	0.0
MAP2K7	TRIB3	0.0
AATK	CDK5	0.0
MAP2K3	PKN1	1.0
MAP3K20	PKN1	0.0
EGFR	YES1	1.0
EGFR	EPHB4	0.0
BMX	PIM1	0.0
ILK	KHK	0.0
PAK2	TRIM28	0.0
IKBKE	PAK1	1.0
IKBKE	PDXK	0.0
IKBKE	TRIM28	0.0
MELK	STK16	0.0
IKBKE	SYK	4.0
IKBKE	SLK	0.0
GSK3B	MAP2K5	1.0
IKBKE	STK16	0.0
KSR1	MAP2K2	1.0
ROR1	SRC	0.0
VRK1	VRK3	0.0
AKT1	PI4K2B	0.0
MAPK13	PKM	0.0
MAPK13	PRKD1	1.0
MAPK13	PGK1	0.0
GSK3A	MAP3K11	1.0
STK25	STK26	0.0
STK24	STK26	0.0
ERBB3	PIK3CA	4.0
OXSR1	WNK4	0.0
OXSR1	WNK1	0.0
ABL1	EGFR	5.0
ABL1	ERBB2	3.0
ABL1	ERBB3	2.0
ABL1	PRKCD	2.0
ABL1	ERBB4	1.0
PRKCA	TYK2	2.0
AKT1	STK4	5.0
ABL2	EGFR	2.0
ABL2	ERBB2	1.0
ABL2	ERBB3	1.0
ABL2	ERBB4	1.0
BRAF	MAP2K2	32.0
CSNK1A1	PRKD2	0.0
BLK	EGFR	0.0
BLK	ERBB2	0.0
BMX	EGFR	0.0
BMX	ERBB2	0.0
PRKCE	RPS6KA2	1.0
PDK1	SGK3	0.0
CSNK1D	PRKD2	0.0
CSNK1E	PRKD2	0.0
ACVR1	ACVR2A	4.0
CDK4	CDK7	1.0
ERBB2	PTK6	0.0
ILK	PDK1	1.0
AKT2	ROCK1	11.0
AKT2	MARK2	0.0
PRKACA	SIK3	0.0
MYLK	PRKD2	0.0
KALRN	PRKD2	0.0
EPHB1	PDGFRB	0.0
ALK	GAK	0.0
ALK	MYLK	0.0
ALK	EPHB2	0.0
ALK	EPHA1	0.0
ALK	MAP3K1	0.0
ALK	MAP3K5	0.0
ALK	MAP3K4	0.0
ALK	MAP2K7	0.0
ALK	JAK2	2.0
ALK	MAPK1	3.0
ALK	PIK3CB	3.0
STK3	STK4	1.0
CDC42BPB	MAP2K5	0.0
STK4	TAOK1	1.0
MKNK1	PRKDC	0.0
CAMKK2	PRKDC	0.0
HCK	MAP4K5	0.0
CSNK2A2	PRKDC	0.0
CDK5	MAST1	0.0
MAP2K1	WNK1	0.0
DYRK1B	PAK1	0.0
BTK	MYLK2	1.0
CAMKK2	MAPK14	0.0
CAMKK2	PRKAA2	5.0
PRKAA2	ULK1	4.0
BUB1	BUB1B	1.0
ABL2	MAP3K10	0.0
GSK3A	GSK3B	4.0
PAK3	PLK1	0.0
PAK1	PLK1	0.0
DYRK1B	HIPK2	0.0
DYRK1A	HIPK2	0.0
PAK2	TNK2	0.0
SRPK1	SRPK2	0.0
LATS1	NUAK1	0.0
MET	PASK	0.0
ARAF	WNK1	0.0
EGFR	MAST1	0.0
CSNK2A1	SRC	2.0
EGFR	MAP3K12	1.0
PFKL	TESK1	0.0
PAK2	RIOK3	0.0
CASK	CDK9	0.0
HIPK2	MKNK1	0.0
IRAK3	NTRK3	1.0
ARAF	TESK1	0.0
NUAK1	STK11	0.0
MAPK8	RAF1	27.0
EGFR	TRIM28	0.0
MAP2K3	MAP3K5	4.0
ATR	CLK2	0.0
CHUK	PRKCA	9.0
CHUK	PRKCD	4.0
FGFR1	JAK2	3.0
ABL1	STK4	2.0
MAPK14	PI4K2B	0.0
PRKAA1	SIK3	0.0
PRKAA1	SIK2	1.0
PDPK1	PRKCQ	3.0
DYRK1A	FGFR1	0.0
CAMKK2	IRAK1	0.0
IKBKB	PRKCI	2.0
CDK1	PBK	0.0
CDK1	EEF2K	0.0
BMPR2	PRKG1	0.0
PRKAA1	SIK1	1.0
PDK1	SGK1	0.0
PRKAA1	SNRK	0.0
BRAF	MAP3K1	3.0
MTOR	STK38	0.0
HCK	SRC	2.0
FGFR1	SRC	4.0
IKBKB	PRKCD	7.0
IKBKB	PRKCA	10.0
BRAF	PRKCA	17.0
SRC	TNK2	0.0
MAPK11	MAPK14	52.0
RPS6KA1	TTK	0.0
GSK3B	NRBP1	0.0
MAPK3	RPS6KA6	7.0
MAPK6	PLK1	0.0
GSK3B	PIM2	1.0
MAPK6	TTK	0.0
CSNK1E	TAOK1	0.0
PLK1	VRK3	0.0
MAPK6	MOK	0.0
CDK4	PKM	2.0
BRAF	RPS6KA2	5.0
AURKA	TLK1	0.0
AURKA	NME1	0.0
ATM	DYRK2	0.0
ALK	CDK13	0.0
AURKA	TLK2	0.0
MTOR	PRKCA	15.0
BRD4	CKM	0.0
AKT1	BRAF	28.0
MAPK1	MAPK3	108.0
AKT1	ERBB3	4.0
GSK3B	MTOR	17.0
AURKA	PLK1	2.0
CDK1	JAK3	1.0
EGFR	ROR1	0.0
BRAF	PAK2	5.0
CDK20	MAK	0.0
MAP2K1	MAP2K2	70.0
CDK1	LATS1	0.0
CDK19	CDK8	0.0
BRAF	LIMK1	1.0
CDK7	CDK9	0.0
BRAF	RAF1	37.0
IRAK3	IRAK4	1.0
BRAF	MAP2K1	39.0
MLKL	RIPK3	2.0
CSNK2A1	PRKACB	1.0
CDC42BPA	CDC42BPB	0.0
KDR	MET	6.0
ERBB3	ROR1	0.0
LRRK1	LRRK2	0.0
LYN	MAPK1	9.0
MAP2K7	MAP3K4	2.0
CSNK2A1	PRKDC	0.0
EGFR	RIOK1	0.0
MAP3K7	PRKAA1	3.0
PINK1	PRKDC	0.0
AKT1	HK1	5.0
LRRK2	RIPK2	0.0
LRRK2	RIPK1	0.0
MAP2K4	MAP3K5	3.0
BMPR2	TRIB3	0.0
LRRK2	STK24	0.0
PRKAA1	STK11	8.0
CSNK1D	KDR	0.0
CHEK2	LATS2	0.0
CDK2	HK1	0.0
CDK20	ICK	0.0
CHEK2	TRIM28	0.0
TNK2	YES1	0.0
FES	TRIM28	0.0
GRK5	STK38	0.0
EGFR	JAK1	8.0
LATS1	RAF1	0.0
JAK2	MAP3K5	0.0
AKT1	CAMK2A	12.0
AURKA	GSK3B	0.0
ABL1	BMP2K	0.0
GRK5	SRPK1	0.0
LRRK2	PRKDC	0.0
LRRK2	PRKCZ	0.0
LRRK2	MAP2K3	0.0
LRRK2	MAP2K6	0.0
LRRK2	MAP2K7	0.0
IKBKB	IKBKE	14.0
ICK	MAPK1	0.0
SGK1	WNK4	0.0
IRAK1	PRKCD	1.0
MAP3K4	RIPK2	0.0
LRRK2	MAP2K4	0.0
LATS1	MAST2	0.0
CHUK	IKBKE	14.0
AURKA	LATS2	0.0
GRK5	PRKDC	0.0
LRRK2	STK25	0.0
LRRK2	STK3	0.0
CDK2	PGK1	0.0
CDK2	PKM	2.0
GRK5	MAP4K4	0.0
CDK2	PRKDC	1.0
CDK1	WEE1	2.0
BUB1B	PLK1	1.0
GSK3B	MAP3K1	2.0
OXSR1	TGFBR2	0.0
ATM	CSNK1D	0.0
ATM	MAPK14	4.0
MARK2	PINK1	0.0
AKT1	WNK4	0.0
CDK2	TTN	0.0
GRK5	PIP4K2A	0.0
MAP3K1	MAPK9	8.0
CHEK1	LATS2	0.0
LRRK2	TAOK3	0.0
LRRK1	MAP4K1	0.0
MAPK8	MTOR	15.0
CHUK	RIPK1	13.0
AURKB	HASPIN	0.0
AURKB	BUB1B	0.0
MAP3K4	MAPK8	2.0
CDK2	LATS2	0.0
CDK2	TRIM28	0.0
CSNK2A2	PBK	0.0
FLT1	HCK	0.0
MAPK3	TEK	5.0
MAPK4	PFKP	0.0
EGFR	HCK	0.0
STK25	TAOK1	0.0
RPS6KA1	RPS6KA2	9.0
CSNK2A2	PIP4K2A	0.0
CAMK2D	SRPK1	0.0
AURKA	SRPK2	0.0
ILK	RAF1	3.0
CHUK	SRPK1	1.0
CDK20	NME2	0.0
CDK4	CDK6	22.0
HIPK4	PFKP	0.0
ILK	PFKP	0.0
DYRK2	DYRK4	0.0
MAPK11	MKNK1	1.0
MAPK12	SRPK1	0.0
PRKACB	TRIM28	0.0
LIMK1	SRPK1	0.0
RPS6KA1	RPS6KA3	9.0
CSK	FRK	0.0
CDK9	FGFR1	0.0
DYRK2	TTN	0.0
ERBB2	SRPK1	0.0
CDK5	DCLK3	0.0
PRKACA	PRKACG	68.0
CDK6	CDKL3	0.0
PHKG2	PRKDC	0.0
PAK1	PAK2	10.0
PDGFRA	SRPK1	0.0
NLK	PASK	0.0
RPS6KA1	TLK2	0.0
ILK	PRKDC	0.0
CSNK1A1	CSNK1D	1.0
CSNK1E	STK3	2.0
PRKACA	PRKACB	68.0
MAPK1	MAPK12	43.0
STK26	TAOK1	0.0
PRKCD	PRKCQ	5.0
CSNK1A1	CSNK1E	2.0
NLK	PKM	0.0
MAP3K3	MAPK1	5.0
ABL1	SRPK2	0.0
MKNK2	SRPK1	0.0
DYRK1B	PRKACA	0.0
EPHA3	SRPK1	0.0
PRKACA	TRIM28	0.0
CSNK2A2	PIP4K2C	0.0
LRRK2	SRPK1	0.0
AURKC	SRPK1	0.0
CDK16	CSNK2A2	0.0
CDK2	CDK3	0.0
SRPK1	SRPK3	0.0
SRPK2	VRK1	0.0
PTK2	SRPK1	0.0
PAK4	SRPK2	0.0
GRK2	GRK3	6.0
CLK1	SRPK1	0.0
CDK9	FGFR4	0.0
ERN1	SRPK2	0.0
CDKL3	SRPK1	0.0
CDK2	MAPK15	0.0
CSNK2A2	PIP4K2B	0.0
CDKL5	PRKG2	0.0
BRD3	SRPK2	0.0
MAPKAPK5	SRPK1	0.0
AURKA	IKBKB	0.0
GRK2	PHKG2	0.0
CDK2	FGFR1	3.0
EIF2AK2	STK4	0.0
FGFR1	PTK6	0.0
AURKA	CHUK	0.0
CSNK2A2	FGFR1	1.0
MAPK9	PKN1	3.0
PRKACB	PRKDC	0.0
CSNK1E	RPS6KA1	0.0
MAP3K7	TAOK1	1.0
RIOK2	TRIM28	0.0
CDK1	CDK7	1.0
RIOK2	SYK	0.0
CSNK2A2	TRIM28	0.0
CDK9	PRKDC	0.0
LATS1	PLK1	0.0
CAMK1	FGFR1	0.0
CDK2	CSNK2A1	1.0
CDK2	CSNK2A2	1.0
BRAF	MAPK1	39.0
CSNK1A1	PRKDC	0.0
CSNK1E	TRIM28	0.0
CDK5	PRKACB	1.0
MAPK7	PKM	0.0
CSNK1A1	PAK1	0.0
CSNK1A1	PAK2	0.0
FGFR1	ITK	0.0
CDK5	PLK1	0.0
PFKL	PFKP	9.0
CDK4	MAPK1	21.0
CDK4	MAP2K2	18.0
ILK	IRAK1	0.0
EGFR	PRKDC	0.0
EGFR	PIK3CB	32.0
EGFR	PFKP	2.0
EGFR	PFKL	2.0
AKT1	CSK	0.0
SYK	TBK1	3.0
CDK9	ULK1	0.0
CDK13	MAPK14	0.0
CDK1	FGFR1	0.0
TP53RK	TRIM28	0.0
LYN	PAK1	4.0
CHUK	MAP3K4	1.0
PHKG2	STK26	0.0
MAP2K4	MAP2K7	12.0
MAP2K4	MAPK1	13.0
EEF2K	TP53RK	0.0
PIK3C3	TRIM28	0.0
CDK12	TRIM24	0.0
ILK	SIK2	0.0
PRKAA1	TRIM28	0.0
CAMK1	CDK4	1.0
CSNK1E	PRKDC	0.0
LYN	PRKCB	5.0
CSNK1E	PKM	0.0
AKT3	GSK3B	30.0
EGFR	MTOR	21.0
ILK	PI4KA	0.0
ILK	PFKL	0.0
PHKG2	TRIM28	0.0
AKT2	MAP3K5	7.0
CDK9	OXSR1	0.0
PRKAA1	STK4	1.0
DYRK1A	MAP3K5	0.0
MAPK7	MYLK2	1.0
CDK4	ULK1	0.0
PHKG2	PTK2	0.0
STK26	TAOK3	0.0
CDK5	FGFR1	0.0
RPS6KA1	TTN	0.0
CSK	FGFR1	0.0
OXSR1	PRKDC	0.0
OXSR1	PRKACB	0.0
CHEK1	NEK2	0.0
EEF2K	PRKDC	0.0
EEF2K	TRIM28	0.0
CDK4	STK3	0.0
EIF2AK2	FGFR1	0.0
CSNK1A1	PIP5K1A	0.0
MAPK8	PKMYT1	1.0
PRKACA	SIK1	1.0
PRKAA1	PRKDC	0.0
CDK9	FGFR2	0.0
CDK9	CSK	0.0
JAK3	TYK2	7.0
MAPK10	PKMYT1	1.0
CSNK1A1	RIOK2	0.0
CDK5	CSK	0.0
MAPK14	NME1	0.0
CAMK1	CAMK1G	4.0
ACVR1	BMPR1A	4.0
GSK3B	MAP3K11	1.0
MAPK14	PRKCD	7.0
CSNK1E	FGFR1	0.0
PFKM	PFKP	9.0
CAMK1	PRKACA	3.0
CAMK1	PRKCD	0.0
CAMK1	PKM	0.0
AURKB	AURKC	0.0
CHUK	RIPK2	2.0
MAPK9	STK25	0.0
CAMK1	STK26	0.0
CDK5	FGFR2	0.0
ILK	TRIM28	0.0
CDK4	CSNK2A1	1.0
GSK3B	LRRK2	0.0
AKT1	PKM	3.0
FGFR1	PKM	1.0
KIT	SYK	2.0
BRSK1	PKM	0.0
JAK3	PKM	1.0
MAP4K2	PKM	0.0
FGFR4	PKM	0.0
MAPKAPK5	PKM	0.0
ERBB3	PIK3CB	4.0
PKM	RET	1.0
CAMK2B	PKM	1.0
NTRK3	PKM	1.0
BLK	PKM	0.0
FER	PKM	0.0
KIT	PTK6	0.0
LRRK1	MATK	0.0
MAPK3	PKM	4.0
NEK6	PKM	0.0
PKM	TAOK2	0.0
PKM	TBK1	1.0
LRRK2	PLK1	0.0
EPHB4	PKM	0.0
CHUK	PKM	1.0
LRRK2	TTK	0.0
ABL2	PKM	0.0
FGFR2	PKM	1.0
LYN	MET	1.0
HIPK1	PKM	0.0
BMX	PKM	0.0
BLK	KIT	0.0
IKBKE	PKM	1.0
EPHB3	PKM	0.0
PKM	TYRO3	0.0
LRRK2	PFKP	0.0
BLK	MET	0.0
MAP2K3	MAP2K6	16.0
LRRK2	PAK6	0.0
KIT	ZAP70	1.0
MARK2	PKM	0.0
DYRK3	PKM	0.0
NTRK2	PKM	0.0
EGFR	FGFR1	13.0
LRRK1	RET	0.0
JAK2	PKM	0.0
ALK	PKM	0.0
MAP3K2	PKM	0.0
LTK	PKM	0.0
PKM	STK4	0.0
EPHA8	PKM	0.0
CDK8	CDK9	0.0
MAP3K11	PKM	0.0
EPHA2	PKM	0.0
ABL1	LRRK2	0.0
LRRK2	STK40	0.0
CHEK1	PKM	1.0
MET	PKM	1.0
MET	YES1	1.0
CHEK2	PKM	0.0
LRRK1	PAK6	0.0
LRRK2	MATK	0.0
DYRK1B	PKM	0.0
FGFR3	PKM	1.0
CAMKK2	PKM	0.0
PKM	TEK	0.0
PKM	STK33	0.0
LRRK2	NEK1	0.0
MAP2K2	PKM	2.0
AKT3	PKM	3.0
GSK3A	PKM	0.0
PKM	TSSK2	0.0
EPHA1	PKM	0.0
MAP3K3	PKM	0.0
AURKC	LRRK2	0.0
FGFR2	LRRK1	0.0
LCK	MET	0.0
EPHA5	PKM	0.0
PKM	TTN	0.0
GAK	LRRK2	0.0
MET	SYK	1.0
MET	ZAP70	1.0
CSF1R	PKM	0.0
MAP2K1	PKM	2.0
ERBB2	PKM	1.0
KIT	PKM	1.0
DCLK2	PKM	0.0
MAPK12	PKM	0.0
CDK19	CDK9	0.0
LRRK2	PKM	0.0
PKM	ROS1	0.0
MAPK1	PKM	4.0
MERTK	PKM	0.0
IKBKB	PKM	2.0
NEK1	PKM	0.0
PKM	WNK2	0.0
EGFR	PKM	2.0
ABL1	PKM	0.0
AURKA	CSNK2A1	0.0
EGFR	VRK1	0.0
MAP2K6	MAPK1	16.0
FGFR1	RPS6KA3	2.0
HIPK4	RAF1	1.0
CSK	ZAP70	0.0
EGFR	PRKAA1	3.0
EGFR	PFKM	2.0
EGFR	PLK1	1.0
EGFR	PDK1	2.0
LATS2	STK4	0.0
CAMK1	MARK2	0.0
CDK15	ROCK1	0.0
ATM	CDK9	1.0
AURKA	TRIM28	0.0
ATM	TRIM28	0.0
AURKB	MARK2	0.0
EGFR	MAP2K2	34.0
EGFR	MAP2K3	4.0
EGFR	EIF2AK2	2.0
CDK20	RAF1	0.0
EGFR	RPS6KA3	1.0
EGFR	MAP2K4	5.0
LATS2	PAK4	0.0
EGFR	STK26	0.0
ABL1	LATS2	0.0
AURKA	MAPK6	0.0
EGFR	TBK1	5.0
EGFR	HK1	3.0
EGFR	HK2	3.0
LYN	TRIM28	0.0
EGFR	OXSR1	0.0
LATS2	NME7	0.0
NUAK1	PLK1	0.0
LATS2	TBK1	0.0
EGFR	FN3KRP	0.0
CDK4	JAK3	7.0
EGFR	RIOK2	0.0
SIK2	TRIM28	0.0
MAPK9	PRKCQ	8.0
PIK3CB	PIP4K2A	3.0
FER	YES1	1.0
MAPK14	RIPK2	4.0
JAK2	LCK	3.0
PIK3CA	PRKCI	4.0
FLT4	PIK3CA	6.0
BUB1	RPS6KA1	2.0
AURKA	PRKACA	2.0
BTK	JAK2	0.0
MAPK9	PRKCZ	8.0
PIK3CG	PIP5K1B	2.0
BUB1B	CHEK1	2.0
PRKACB	PRKCG	32.0
PIK3CD	PIP5K1C	8.0
JAK1	PIK3CG	3.0
KDR	PTK2	5.0
MYLK	PAK3	2.0
PIP4K2C	ROCK2	1.0
PDPK1	PIK3CB	20.0
IKBKB	IRAK2	1.0
AKT2	PIK3CD	79.0
PIK3CB	TYK2	10.0
PIK3CB	PRKCI	4.0
EPHA5	FYN	1.0
AKT1	PDK1	2.0
FLT1	PIK3CD	5.0
BMPR1B	ERBB2	0.0
FGR	LCK	0.0
MAP2K4	PAK5	1.0
MAP2K2	PRKCD	5.0
NTRK1	PIK3CA	7.0
ACVR2A	BMPR2	4.0
JAK3	PIK3CB	11.0
CSF1R	PIK3CG	1.0
RPS6KA2	RPS6KA3	9.0
FYN	HCK	1.0
MAP2K2	MAP3K1	6.0
MAPK3	PRKX	0.0
MYLK2	PAK6	2.0
PDPK1	PIK3CG	2.0
MAP3K5	MAP4K4	1.0
EPHA7	LCK	0.0
HCK	PTK2	1.0
ACVR1	ACVR1C	3.0
PIK3CG	PIP4K2A	1.0
KDR	MAP3K13	1.0
MAPK7	RPS6KA3	2.0
PRKCZ	RIPK2	0.0
MOS	PKMYT1	2.0
AKT3	IKBKB	41.0
RPS6KA2	RPS6KA6	9.0
MAP3K2	PAK1	1.0
PI4K2B	PIK3C2A	2.0
IGF1R	PIK3CD	20.0
PRKCQ	SRC	2.0
FLT4	PIK3CD	6.0
EPHA5	EPHA7	1.0
GSK3B	PRKACG	12.0
PCK2	PRKAA2	7.0
PRKCZ	RIPK1	0.0
FYN	PIK3CB	10.0
ERBB4	PIK3CB	3.0
MAPK13	MAPK14	52.0
MAP2K1	SRC	19.0
CSF1R	PIK3CB	6.0
PIK3CD	PRKCI	4.0
FES	FYN	1.0
MAPK7	PRKCD	2.0
CAMK2A	JAK1	3.0
MET	PIK3CG	1.0
MAPK3	PRKACG	36.0
PI4KA	PIK3C2A	2.0
MET	PIK3CB	14.0
PRKACG	TRIM28	0.0
PDK1	PRKCZ	1.0
INSR	PRKCI	2.0
CAMKK1	PRKAA1	0.0
IRAK1	MAP3K1	3.0
FYN	JAK1	1.0
MAP3K1	RIPK1	1.0
IKBKB	MAP3K8	4.0
MAP2K1	PIK3CA	64.0
KDR	PIK3CD	7.0
PIP4K2B	ROCK1	1.0
MAP2K1	PIK3CD	64.0
IGF1R	PIK3CG	1.0
NTRK1	PIK3CB	7.0
PIP4K2A	PIP5K1A	3.0
PIK3CA	SRC	24.0
CAMK2B	MAP3K5	1.0
AKT1	AURKA	1.0
MAP2K6	TAOK1	1.0
IKBKB	RIPK2	3.0
PAK6	RAF1	8.0
FGR	PIK3CA	1.0
MAP2K4	ROCK2	1.0
CDK5	EPHA5	1.0
MAP2K6	MAP3K2	2.0
PIK3C2A	PIP5K1B	2.0
AKT1	PIK3CD	79.0
RPS6KA4	RPS6KA5	2.0
ABL1	EPHA8	1.0
MAP3K1	MAP4K1	1.0
IGF1R	PRKX	0.0
PIK3CA	SYK	13.0
MAPK12	RIPK2	4.0
KDR	PIK3CG	1.0
ERBB2	TGFBR1	5.0
PRKCG	RAF1	31.0
LCK	PRKCZ	0.0
FYN	LCK	3.0
PIK3CG	PIP4K2B	1.0
TAOK1	TAOK2	1.0
ERBB3	PIK3CD	4.0
SRC	YES1	1.0
HCK	PIK3CA	3.0
PDK1	PIK3CB	3.0
PDPK1	PIK3CD	20.0
PIK3C2A	PIP5K1A	2.0
ACVR2A	ACVR2B	4.0
PKMYT1	RPS6KA1	2.0
PIK3CB	SRC	24.0
PIK3CB	PIP5K1C	8.0
PDK1	PIK3CA	3.0
PRKCG	PTK2	10.0
IGF1R	PRKACB	10.0
PIK3CB	ZAP70	5.0
PIK3CD	PIP4K2B	3.0
EPHB1	FYN	1.0
MYLK	PAK6	2.0
MAP3K2	PRKCD	1.0
ARAF	PRKCG	14.0
ERBB4	PIK3CD	3.0
MAP3K1	MAP3K7	3.0
MAPK7	RPS6KA1	2.0
ERBB4	PIK3CG	1.0
PIK3CA	STK11	6.0
AKT2	PIK3CB	79.0
ABL1	NTRK3	1.0
JAK3	MAPK14	5.0
CAMK2A	MAP3K7	1.0
PRKCG	PTK2B	6.0
PKMYT1	RPS6KA2	2.0
PIK3CB	PTK2	20.0
ERBB4	PIK3CA	3.0
BUB1	RPS6KA2	2.0
ACVR2B	BMPR2	4.0
ERBB3	PIK3CG	1.0
JAK1	PIK3CB	18.0
PIK3CD	PIP4K2A	3.0
RPS6KA2	RPS6KA4	1.0
BTK	FGR	0.0
IGF1R	MAPK3	21.0
ERBB2	MAPK3	17.0
MAP2K2	MOS	1.0
MAP2K4	PRKCD	1.0
CSF1R	PIK3CA	6.0
CAMK2B	JAK2	4.0
FGR	PIK3CB	1.0
PI4KA	PIP5K1C	2.0
BMPR1B	MAP3K7	1.0
MAP2K6	TAOK3	1.0
PIK3CD	TYK2	10.0
BTK	LCK	3.0
MAPK3	MAPK7	7.0
EPHA1	FYN	1.0
MAPK3	PRKACA	36.0
CAMK2A	MAPK3	18.0
PIP4K2A	PIP5K1B	3.0
FLT1	PIK3CA	5.0
AKT3	PDK1	2.0
PIK3CA	ZAP70	5.0
EPHB2	LCK	0.0
JAK3	PIK3CD	11.0
FGR	PIK3CG	1.0
GSK3B	PRKX	0.0
PDGFRA	SRC	6.0
PIK3CD	PIP5K1A	7.0
FER	PDGFRB	0.0
MAP3K1	MAP3K11	1.0
MAP3K12	MAPK14	1.0
IGF1R	PRKACG	10.0
FGR	PIK3CD	1.0
MAP3K3	PRKCD	2.0
BUB1	RPS6KA3	2.0
PIK3CB	PRKCZ	12.0
ABL1	EPHB6	1.0
PRKCH	PRKCQ	2.0
MAP2K1	PIK3CB	64.0
PIP4K2B	ROCK2	1.0
PRKCZ	ROCK2	5.0
HCK	SYK	2.0
BTK	PIK3CB	5.0
CDK2	PKMYT1	3.0
JAK1	MAPK14	13.0
ACVR1	ACVR2B	4.0
PIK3CG	PRKCI	1.0
MYLK2	PAK4	2.0
HCK	PIK3CG	2.0
CAMK2B	JAK1	3.0
PI4K2B	PIP5K1B	2.0
JAK3	MAP2K1	7.0
PRKCH	RAF1	1.0
MAP3K4	PRKCD	1.0
AKT1	JAK1	19.0
JAK1	MAPK9	14.0
JAK3	MAPK3	10.0
BUB1	RPS6KA6	2.0
AKT1	PIK3CG	10.0
JAK3	PIK3CG	2.0
MAP3K7	MAPK9	19.0
PIP4K2C	PIP5K1B	3.0
MAPK14	SRC	17.0
MAP2K6	MAP3K6	1.0
IGF1R	PIK3CB	20.0
HCK	PIK3CD	3.0
PKMYT1	RPS6KA6	2.0
PIK3CB	PIK3CG	7.0
JAK3	SYK	3.0
PI4KA	PIP5K1A	2.0
PIP4K2C	ROCK1	1.0
MAP2K1	MAP2K4	12.0
PKMYT1	RPS6KA3	2.0
AKT2	PIK3CG	10.0
FGR	MAPK14	0.0
PDGFRB	PRKCD	0.0
PI4KA	PIP5K1B	2.0
PAK4	YES1	0.0
AKT3	PIK3CA	79.0
AKT3	PIK3CG	10.0
IGF1R	PRKACA	10.0
CAMK2B	MAP2K6	2.0
PIP4K2A	ROCK1	1.0
PIK3CA	TYK2	10.0
ABL1	EPHB3	1.0
PAK5	RAF1	8.0
TAOK1	TAOK3	1.0
JAK1	PIK3CD	18.0
MAP3K2	SRC	2.0
RPS6KA4	RPS6KA6	1.0
JAK1	JAK2	15.0
ACVR2B	BMPR1B	4.0
HCK	PTK2B	1.0
JAK2	PIK3CA	14.0
KDR	PTK2B	0.0
FLT1	PIK3CB	5.0
IGF1R	RPS6KB1	11.0
IKBKB	MAP4K4	1.0
BMPR1B	TGFBR2	3.0
AKT1	JAK3	10.0
PRKCD	PRKCH	2.0
HCK	MAPK14	2.0
FGR	HCK	1.0
IGF1R	PIK3CA	20.0
ABL1	EPHA7	1.0
MAPK3	RPS6KA5	9.0
NTRK1	PIK3CD	7.0
PDK1	PIK3CD	3.0
JAK2	TYK2	9.0
PI4K2B	PIP5K1A	2.0
PRKCG	PRKX	0.0
MAPK3	RIPK2	4.0
ERBB2	PIK3CG	1.0
RPS6KB1	TGFBR2	6.0
AKT3	PIK3CD	79.0
NTRK1	PIK3CG	1.0
JAK3	PIK3CA	11.0
ABL1	NTRK2	2.0
PIK3CB	SYK	13.0
AURKA	BUB1B	0.0
PDK1	ROCK1	1.0
HCK	LCK	0.0
RPS6KA5	RPS6KA6	2.0
PAK4	SRC	4.0
AKT3	ILK	3.0
PI4K2B	PIK3C3	2.0
MAPK3	PRKACB	36.0
MAPK14	PRKG1	2.0
RPS6KB1	TGFBR1	7.0
RPS6KA1	RPS6KA4	1.0
PIK3CG	PIP5K1A	2.0
MAP2K6	MAP3K1	4.0
FLT4	PIK3CB	6.0
PRKCG	SRC	12.0
HCK	ZAP70	0.0
ILK	PIK3CA	5.0
EPHA6	FYN	1.0
PIK3CD	SRC	24.0
PDPK1	PIK3CA	20.0
PDK1	PIK3CG	0.0
PIK3CG	PTK2	2.0
PCK2	PRKAA1	7.0
MAP3K1	PRKCD	2.0
FLT4	PIK3CG	1.0
CDK2	MAPK3	14.0
BMPR2	MAP3K7	1.0
EPHB1	MAP2K1	0.0
BTK	ZAP70	2.0
ABL1	EPHA1	1.0
JAK1	MAPK3	20.0
JAK1	PIK3CA	18.0
MAPK13	RIPK2	4.0
INSR	RPS6KB1	8.0
PI4K2B	PIP5K1C	2.0
ARAF	PRKCH	1.0
PIK3CB	PIP4K2B	3.0
PIK3CA	TXK	1.0
PIP4K2C	PIP5K1A	3.0
JAK3	MAPK9	8.0
CDK5	EPHA7	1.0
ULK1	ULK2	2.0
AKT2	MAP3K8	4.0
LCK	PIK3CB	6.0
RPS6KA1	RPS6KA5	2.0
AKT1	PIK3CB	79.0
AKT3	FLT1	6.0
PIK3CD	ZAP70	5.0
PIK3CG	SRC	4.0
KDR	PIK3CA	7.0
MAP3K1	MAP4K3	1.0
MAPK12	ZAP70	5.0
ABL1	EPHA5	1.0
MAPK3	PRKCQ	7.0
ERBB3	MAP2K1	5.0
PIK3CD	SYK	13.0
AKT3	PIK3CB	79.0
FYN	LIMK1	1.0
MAP3K7	MAPK13	17.0
MAP2K1	PAK5	7.0
MAP2K2	PIK3CD	56.0
MAPK3	PIK3CA	73.0
CAMK2B	MAPK3	18.0
LYN	PRKCG	2.0
ERBB2	RIPK1	0.0
EPHB1	SRC	1.0
JAK2	MAP3K11	0.0
YES1	ZAP70	0.0
JAK1	MAP3K1	2.0
FER	KIT	0.0
ABL1	YES1	0.0
PRKCI	RIPK1	0.0
EPHA6	SRC	1.0
EPHA6	FGR	0.0
EPHA1	SRC	1.0
MAP4K1	ZAP70	0.0
HCK	JAK1	1.0
LCK	YES1	0.0
MAPK14	YES1	0.0
EPHA7	HCK	0.0
EPHA7	YES1	0.0
EPHA1	HCK	0.0
IRAK1	MAP4K4	1.0
EPHB1	MAP4K4	0.0
EPHB2	HCK	0.0
EPHA1	FGR	0.0
FLT4	MAP2K4	1.0
EPHA3	FGR	0.0
HCK	PDGFRB	0.0
LCK	PDGFRB	0.0
EPHB1	FGR	0.0
PDK1	SRC	1.0
FES	KDR	0.0
EPHA1	YES1	0.0
BUB1B	TAOK1	0.0
ATM	TAOK1	0.0
MAP3K5	RIPK1	2.0
ATM	TAOK2	0.0
LCK	MAP4K1	0.0
BUB1	TAOK1	0.0
LCK	SRC	1.0
EPHA3	YES1	0.0
EPHA5	FGR	0.0
JAK1	MAP3K11	0.0
PRKCI	RIPK2	0.0
EPHA5	SRC	1.0
MAP4K4	RIPK1	0.0
EPHB2	FGR	0.0
BTK	SRC	1.0
RIPK1	TGFBR2	0.0
FLT3	PIM1	2.0
EPHA7	FGR	0.0
EPHB1	HCK	0.0
PDK1	PDPK1	0.0
EPHA5	HCK	0.0
ACVR1	ACVRL1	1.0
AURKB	TTK	0.0
CDK15	MARK2	0.0
CDK1	CDK3	0.0
MAP3K1	NEK10	0.0
MAPK7	PRKCZ	1.0
MAPK14	MYLK3	1.0
AXL	TYRO3	0.0
TGFBR2	TYK2	3.0
NME1	PRKAA1	0.0
EGFR	NTRK2	3.0
MAPK12	MAPK13	52.0
BRSK1	PAK1	0.0
EGFR	PRKCE	2.0
EGFR	MAPK8	13.0
EGFR	PRKCZ	4.0
EGFR	PIM1	3.0
MTOR	SGK1	2.0
EGFR	PDGFRA	19.0
CDK14	ICK	0.0
CDK6	EIF2AK1	2.0
CSNK1G1	CSNK1G2	1.0
EGFR	MAPK9	13.0
EGFR	RET	2.0
EGFR	RAF1	36.0
CDK16	CDK17	0.0
CDK16	CDK18	0.0
MAPK12	MYLK3	1.0
CDK16	PKM	0.0
INSR	PRKAA1	9.0
INSR	PRKAA2	9.0
CAMK2A	CAMK2G	29.0
CDK1	ICK	0.0
CLK2	SRPK2	0.0
STK25	TAOK2	0.0
EGFR	FRK	0.0
EGFR	FGR	0.0
CDK13	NEK3	0.0
CAMK1D	CAMK1G	4.0
CDK14	CDK17	0.0
CDK1	CDK17	0.0
ALK	SRC	0.0
PIP5K1A	PIP5K1C	8.0
CAMK2D	EPHA10	0.0
AURKA	PEAK1	0.0
MYLK2	RPS6KA4	0.0
EGFR	ITK	0.0
CDK18	FGR	0.0
AKT1	TBK1	15.0
CDK9	FGR	0.0
ABL1	PRKCZ	1.0
CDK13	DSTYK	0.0
MOS	STK26	0.0
CHUK	MTOR	15.0
EGFR	MAP3K3	3.0
ARAF	TRIM28	0.0
PDK1	PDK3	0.0
ILK	VRK2	0.0
PAK4	PAK6	8.0
AURKA	PASK	0.0
AURKA	SCYL1	0.0
PAK4	PAK5	8.0
CDK2	LATS1	0.0
CDK16	ICK	0.0
GSK3B	MAP3K4	0.0
MAPK14	PRKY	0.0
MAST3	PRKAA1	0.0
MAST3	TRIM28	0.0
MOS	STK25	0.0
MAPK3	PRKY	0.0
IKBKB	MTOR	19.0
MAPK1	TTN	0.0
AURKA	MAP2K1	2.0
FLT3	SYK	1.0
AKT1	BUB1	1.0
CSNK1A1	LRRK2	0.0
AXL	EGFR	0.0
ERBB2	MAP2K1	16.0
PAK1	PIK3CB	14.0
EGFR	MAPK3	39.0
BUB1	CDK8	0.0
CSNK1G1	LRRK2	0.0
AKT1	STK11	7.0
BUB1	MAPK3	2.0
CSK	PDPK1	0.0
STK11	STK24	0.0
CSNK1G2	LRRK2	0.0
PDXK	PIP5K1B	0.0
MTOR	PDK1	2.0
CLK1	TP53RK	0.0
CDK19	STK38	0.0
GAK	TNK2	0.0
IP6K3	MAP3K3	0.0
CDK2	DAPK3	1.0
NTRK1	PRKD2	0.0
ABL1	PAK4	4.0
ATM	MINK1	0.0
NTRK1	TBK1	1.0
CSNK2A1	PIP4K2C	0.0
CLK1	MAP3K21	0.0
PKN2	SYK	1.0
PDGFRA	TNK1	0.0
CDK8	STK38	0.0
CLK1	PRKDC	0.0
CAMKK1	CSNK1E	0.0
CDK1	CDK13	0.0
CLK1	PIP4K2B	0.0
CLK1	PRPF4B	0.0
AURKA	PFKM	0.0
STK24	TLK2	0.0
PRKD2	PRKD3	2.0
CSNK2A1	PIP4K2A	0.0
PLK4	TTK	0.0
BUB1B	NEK2	0.0
GAK	PIK3C2A	0.0
MAPK1	PFKM	2.0
ALK	PRKCQ	1.0
NTRK1	RIOK1	0.0
NTRK1	PIKFYVE	0.0
STK17B	TRIB1	0.0
CLK1	IP6K1	0.0
EPHA2	TGFBR1	1.0
NTRK1	PPIP5K2	0.0
MAPK9	STK26	0.0
GAK	TNK1	0.0
NTRK1	TLK2	0.0
NTRK1	SCYL2	0.0
NTRK1	OXSR1	0.0
CDK1	CHEK1	5.0
NTRK1	SLK	0.0
PRKCD	PRPF4B	0.0
NTRK1	SCYL1	0.0
NTRK1	TAOK1	1.0
PFKL	PKM	3.0
PFKP	PKM	3.0
MAP3K7	PDPK1	4.0
NTRK1	TTK	0.0
NTRK1	TTN	0.0
NTRK1	TRIO	0.0
NTRK1	ROCK2	1.0
GAK	WNK1	0.0
NTRK1	TRIM24	0.0
NTRK1	PRPF4B	0.0
NTRK1	PAK2	2.0
NTRK1	PDGFRA	5.0
NTRK1	PDGFRB	5.0
NTRK1	PCK2	1.0
NTRK1	RET	3.0
NTRK1	PTK7	0.0
NTRK1	PTK2	3.0
NTRK1	PRKDC	0.0
NTRK1	PKN1	1.0
NTRK1	PRKCA	5.0
NTRK1	PRKACB	4.0
NTRK1	PRKAA1	1.0
NTRK1	PFKP	1.0
NTRK1	PFKM	1.0
NTRK1	PFKL	1.0
NTRK1	PGK1	0.0
NTRK1	PI4KA	0.0
NTRK1	PIK3C3	0.0
NTRK1	PIK3C2A	0.0
NTRK1	PKM	1.0
NTRK1	PLK1	0.0
CLK1	STK31	0.0
NTRK1	RPS6KA3	2.0
NTRK1	RPS6KA1	2.0
MAPK1	TRIM28	0.0
NTRK1	ROCK1	1.0
NTRK1	SRC	1.0
NTRK1	SRPK1	0.0
NTRK1	SRPK2	0.0
NTRK1	SYK	1.0
BRD2	CSNK2A1	0.0
NTRK1	NTRK3	2.0
NTRK1	ROR2	0.0
NTRK1	TRIM28	0.0
NTRK1	PAK4	1.0
NTRK1	PIK3R4	0.0
PAK1	RPS6KB1	4.0
LCK	LYN	1.0
PAK1	PRKCZ	2.0
RIPK4	TYK2	0.0
CHEK2	CSNK2A1	0.0
MAPK6	RAF1	0.0
KSR1	SCYL1	0.0
KSR2	PRKAA1	0.0
HK1	SRC	1.0
NEK1	NEK5	0.0
CHUK	MAP3K21	0.0
IKBKB	MAP3K21	0.0
KSR1	PIP5K1A	0.0
KSR1	YES1	0.0
RIPK4	STK3	0.0
KSR2	MAP2K2	1.0
CHEK2	CSNK2A2	0.0
KSR1	PFKM	0.0
NEK7	SCYL1	0.0
KSR2	ROCK2	0.0
AKT2	PDK1	2.0
PIP4K2A	STRADA	0.0
DYRK2	TBK1	0.0
MAPK1	PLK1	3.0
PRKACB	PRKACG	68.0
CAMKV	PIP4K2C	0.0
EGFR	TTN	0.0
AURKA	BTK	0.0
EPHA1	PRKDC	0.0
CAMKV	PKN2	0.0
PDIK1L	SRC	0.0
EGFR	SCYL1	0.0
FYN	PRKCI	1.0
FYN	RPS6KA1	0.0
FYN	RPS6KA2	0.0
FYN	RPS6KA3	0.0
PRKG1	PTK2	0.0
EGFR	PAK4	5.0
PHKG2	PRKAA1	2.0
PLK1	TBK1	0.0
HK1	HK2	12.0
ADCK2	PDK2	0.0
CAMK2D	NEK1	0.0
CSK	MATK	0.0
BTK	MAP3K4	0.0
AURKC	CDK5	0.0
EGFR	LTK	0.0
AKT1	SRPK2	0.0
EGFR	IRAK1	1.0
EPHA1	SMG1	0.0
CSNK1G2	CSNK1G3	1.0
MAP4K3	MAP4K5	0.0
SIK1	SIK2	1.0
SIK1	SIK3	0.0
CDK16	CSNK2A1	0.0
EPHA1	STK17B	0.0
CLK2	PRPF4B	0.0
AKT1	PTK2	15.0
EGFR	MAPK15	0.0
AURKB	PKM	0.0
PIP4K2A	STRADB	0.0
EGFR	SCYL2	0.0
PAK5	PLK1	0.0
FGFR2	IP6K1	0.0
EGFR	MAST2	0.0
EGFR	TNIK	0.0
EGFR	SMG1	0.0
CAMK2D	MOK	0.0
IP6K2	PGK2	0.0
PIP4K2A	PIP4K2C	3.0
PIP4K2A	STK11	0.0
PRKCA	PRKCB	58.0
PRKCA	PRKCH	2.0
PRKCA	PRKCG	55.0
EGFR	NEK8	0.0
FGFR2	RPS6KA1	1.0
FGFR2	RPS6KA3	1.0
FGFR2	RPS6KA2	1.0
GSK3B	MAP3K2	0.0
CDK14	FGR	0.0
CAMK2D	PIP5K1A	0.0
MLKL	RIPK1	2.0
FGFR1	YES1	1.0
CDKL1	CDKL4	0.0
CAMK2D	CAMK2G	29.0
CDK9	CSNK2A1	0.0
FGFR2	FGFR3	9.0
ERN1	RIPK1	1.0
PIP4K2A	PIP4K2B	3.0
PAK2	PRKD1	0.0
PRKCD	RPS6KB2	4.0
PRKCD	PRKD1	0.0
PRKCD	VRK1	0.0
PRKCD	TRIM28	0.0
PIM2	PKM	0.0
CAMK2A	MYLK	3.0
CAMK2A	WEE2	0.0
CAMK2A	PTK2	4.0
CSNK2A1	PAK1	0.0
CSNK2A1	RPS6KA5	0.0
CSNK2A1	MAPK9	3.0
CSNK2A1	IP6K2	0.0
CSNK2A1	SRPK1	0.0
CSNK2A1	MUSK	0.0
CSNK2A1	MAPK1	2.0
CSNK2A1	RIOK1	1.0
CSNK2A1	WEE1	0.0
CSNK2A1	RPS6KA4	0.0
AURKA	LIMK2	0.0
PDGFRB	PTK2	5.0
PDGFRB	TNK2	0.0
CDK7	ICK	0.0
FYN	PRKCD	0.0
PRKAA1	ULK1	4.0
PRKAA1	SYK	1.0
CAMK4	SIK2	0.0
PRKDC	STK11	0.0
MAPKAPK2	RIPK1	0.0
CAMK1	SIK2	0.0
CAMK1	SIK1	0.0
CAMK1	CAMK2A	4.0
AKT1	SIK2	1.0
AKT1	MAP3K12	1.0
AKT1	PIKFYVE	0.0
PRKCB	RPS6KB2	11.0
LYN	PTK2	1.0
MAPK11	PRKCE	4.0
MAPKAPK2	RPS6KA3	2.0
MAPKAPK2	WNK4	0.0
MAPKAPK2	PLK1	0.0
MAPKAPK2	TRIM28	0.0
AKT2	SIK2	1.0
MAP2K5	MAPK7	5.0
CHEK1	CLK3	0.0
CHEK1	CSNK1D	0.0
CHEK1	SRC	1.0
CHEK1	HCK	0.0
CHEK1	NEK11	0.0
CHEK1	STK4	0.0
CHEK1	MAP2K2	3.0
CHEK1	TRIM28	0.0
CHEK1	TLK2	0.0
CHEK1	SYK	1.0
CHEK1	MINK1	0.0
CHEK1	MAP2K1	3.0
CHEK1	TNK1	0.0
PRKACA	ULK2	1.0
PRKACA	STK26	0.0
PRKACA	STK38	0.0
PRKACA	RET	1.0
PRKACA	PRKD1	1.0
PRKACA	TTN	1.0
PRKACA	PTK2	7.0
PRKACA	STK24	0.0
PRKACA	SGK1	0.0
PRKACA	SIK2	1.0
PRKACA	WEE2	0.0
MAPK3	TTK	0.0
MAPK3	PIP5K1C	6.0
MAP2K1	MAPK3	82.0
MAP2K1	MAPK1	82.0
CSNK1D	DCK	0.0
CSNK1D	WEE1	0.0
CAMK2B	GSK3B	8.0
CAMK2B	PRKAA1	2.0
CAMK2B	GSK3A	1.0
MAP2K7	MAPK10	18.0
SRC	STK4	0.0
SRC	WNK4	0.0
SRC	TGFBR2	4.0
PRKCI	RPS6KB2	2.0
PRKCE	PRKD1	1.0
FGR	PTK2	1.0
FGR	TBK1	0.0
RPS6KA1	STK11	1.0
CDK1	MAP2K1	5.0
CDK1	PAK1	1.0
CDK1	RPS6KB1	1.0
CDK1	MAPK6	0.0
CDK1	LRRK1	0.0
CDK1	PIK3C2A	0.0
CDK1	TEX14	0.0
CDK1	CSNK2A1	0.0
CDK1	NME2	0.0
CDK1	NME1	0.0
CDK1	EGFR	1.0
CDK1	PKN2	0.0
CDK1	PIP5K1C	0.0
CDK1	PDPK1	0.0
CDK1	STK3	0.0
CDK1	MAPK3	6.0
CDK1	HASPIN	0.0
CDK1	NUAK1	0.0
CDK1	PIK3C3	0.0
MAPKAPK5	WNK4	0.0
CHEK2	TTK	1.0
CAMK2D	TTN	0.0
GRK6	IGF1R	1.0
MAPKAPK2	MYLK2	0.0
IGF1R	PDPK1	8.0
BRSK2	PRKAA1	0.0
BRSK2	CDK16	0.0
MAP3K6	MAPK8	1.0
MAP3K6	MAPK14	1.0
PRKD1	SYK	0.0
MAP3K7	PRKAA2	3.0
MAP3K7	RIPK1	9.0
CAMKK2	PRKAA1	5.0
AKT1	PRKAA2	14.0
AKT1	PRKAA1	14.0
CLK2	CSNK1D	0.0
SGK1	WNK1	0.0
JAK1	MAP3K5	0.0
CDK1	SRC	2.0
ABL1	MYLK	0.0
ABL1	ATR	1.0
ABL1	MET	4.0
ABL1	BMPR1A	0.0
ABL1	STK3	0.0
ABL1	PLK1	1.0
ABL1	PDGFRB	3.0
ABL1	MAPK14	3.0
ABL1	HIPK2	0.0
ABL1	PDK1	1.0
GSK3B	PRKAA1	5.0
GSK3B	STK38	0.0
GSK3B	SIK1	0.0
GSK3B	PKM	1.0
GSK3B	MYLK	1.0
GSK3B	WEE1	1.0
GSK3B	PRKCE	2.0
BMX	FGFR1	0.0
BMX	PTK2	0.0
BMX	TNK2	0.0
BMX	PAK1	0.0
BMX	MET	0.0
MAPK1	PRKCA	46.0
MAPK1	MAST4	0.0
MAPK1	MAST2	0.0
MAPK1	PTK2	15.0
MAPK1	RPS6KB1	23.0
MAPK1	MAST1	0.0
MAPK1	MAPKAPK2	7.0
MAPK1	STK10	1.0
MAPK1	RIPK3	2.0
LCK	SYK	3.0
LCK	STK11	0.0
LCK	MAPK14	6.0
LCK	TBK1	1.0
PDPK1	PIP5K1C	2.0
PDPK1	TSSK3	0.0
MAP3K5	MAPK8	9.0
MAP3K5	MAPK14	7.0
MAP3K5	PDPK1	3.0
CSNK2A2	SRPK1	0.0
LRRK2	MAP3K5	0.0
MAPK14	ULK1	0.0
MAPK14	PIP4K2B	0.0
MAPK14	MKNK1	1.0
MAPK14	MAPKAPK2	6.0
MAPK14	ZAP70	5.0
MAPK14	PAK6	2.0
MAPK14	PRKCE	4.0
AKT3	DAPK2	2.0
CDK2	CHEK1	5.0
CDK2	CDK7	1.0
CDK2	CDK9	0.0
CDK2	GRK2	0.0
MAP2K3	MAP3K3	3.0
PRKG1	TTN	0.0
MAPK1	MYLK	7.0
MAPK1	RPS6KA3	7.0
MAPK1	MKNK1	3.0
MAPK1	RPS6KA5	9.0
MAPK1	MAPKAPK5	1.0
MAPK1	PGK1	1.0
MAPK1	TTK	0.0
MAPK1	MAPK7	7.0
MTOR	RPS6KB1	26.0
MTOR	STK4	1.0
MET	MST1R	0.0
MET	PTK2	7.0
FGFR1	FGFR3	8.0
PRKD1	PRKD2	2.0
JAK2	PAK1	1.0
JAK2	MAPK1	17.0
JAK2	PDK1	0.0
JAK2	MAPK3	17.0
MELK	PDPK1	0.0
MAP3K3	RIPK4	0.0
MAPK3	PRKCA	46.0
MAPK3	MAPKAPK2	7.0
MAPK3	PTK2	15.0
PRKCH	PRKD2	0.0
PLK1	RIOK2	0.0
PLK1	ROCK2	0.0
PLK1	TEX14	0.0
CDK19	PAK1	0.0
LCK	MAPK1	8.0
LCK	MAPK3	8.0
CDK5	PIK3C3	0.0
CDK5	RPS6KB1	0.0
CDK5	MAP2K2	0.0
CDK5	PTK2	1.0
CDK5	KALRN	0.0
CDK5	KDR	0.0
CDK5	STK24	0.0
CDK5	LRRK2	0.0
WNK1	WNK4	0.0
FGFR3	RPS6KA3	1.0
MAP2K6	PAK6	1.0
FER	MET	1.0
MAP2K1	RAF1	71.0
PAK1	PRKD1	0.0
CDK6	PKM	2.0
PTK2	RET	1.0
GRK2	MAPK14	0.0
GRK2	IGF1R	1.0
MAP3K2	RIPK4	0.0
ITK	TEC	1.0
CSK	YES1	0.0
MTOR	ULK1	4.0
MTOR	OXSR1	0.0
MTOR	WNK1	0.0
CSNK1A1	PTK2	1.0
CDK5	MAP3K1	0.0
CDK5	NTRK2	0.0
STK24	STK38L	0.0
PRKCE	PRKD2	1.0
CSNK2A1	SLK	0.0
ATR	PRKDC	1.0
ATR	DCK	0.0
ABL2	PDGFRB	1.0
HCK	TBK1	1.0
MAP3K11	PRKAA1	1.0
RPS6KB1	TRIB2	0.0
PAK1	TIE1	0.0
MAP3K8	PLK1	0.0
MAP3K8	RPS6KA1	1.0
MAPK9	MAPKAPK5	1.0
MAPKAPK3	WNK4	0.0
CAMK2A	CAMK4	9.0
CAMK2A	KALRN	0.0
CAMK2A	ERBB2	5.0
FGFR1	PDK1	1.0
ATM	DCK	0.0
ATM	BUB1	1.0
FYN	STK11	0.0
FYN	TRIO	0.0
FYN	PRKAA2	0.0
FYN	MAPK14	6.0
FYN	PTK2	2.0
PRKCA	PRKCE	7.0
PRKCA	TTN	0.0
PRKCA	PRKD3	2.0
PRKCA	RPS6KB2	11.0
PRKCA	RET	1.0
PRKCA	TGFBR1	6.0
PRKCA	PRKD1	2.0
PRKCA	PRKG1	5.0
PRKCA	PRKD2	2.0
PHKG2	SIK3	0.0
CDK5	ERBB2	0.0
AURKB	PRKDC	0.0
AURKB	MYLK	0.0
AURKB	PLK1	0.0
PRKCZ	PRKD1	1.0
PRKCZ	RPS6KB2	3.0
MAP4K3	PRKCQ	0.0
CDK11A	CDK11B	0.0
MAPK8	STK4	4.0
MAPK8	PKM	1.0
AKT2	CLK2	0.0
AKT2	PIP5K1C	5.0
PBK	TP53RK	0.0
BRAF	TTK	0.0
PRKCG	RPS6KB2	10.0
PRKCG	STK17B	0.0
FLT3	PDK1	1.0
PRKCZ	STK11	1.0
PLK3	VRK1	0.0
CAMK1	CAMKK1	0.0
AXL	LYN	0.0
AXL	HCK	0.0
AXL	SRC	0.0
AXL	LCK	0.0
AXL	FYN	0.0
AXL	YES1	0.0
BRSK1	PRKAA1	0.0
AKT3	BRAF	28.0
RPS6KA5	WNK1	0.0
RPS6KA5	TRIM28	0.0
EGFR	PRKCD	3.0
EGFR	PTK2	9.0
EGFR	PIP5K1C	5.0
EGFR	LRRK1	0.0
EGFR	IKBKE	2.0
AKT1	BTK	5.0
AKT1	MTOR	36.0
AKT1	EGFR	31.0
AKT1	CSNK1D	0.0
AKT1	TP53RK	0.0
AKT1	CLK2	0.0
AKT1	NUAK1	0.0
AKT1	TIE1	0.0
AKT1	STK3	1.0
AKT1	ULK1	4.0
AKT1	CDK2	14.0
AKT1	WEE1	1.0
AKT1	PIP5K1C	5.0
AKT1	HK2	5.0
AKT1	EIF2AK3	6.0
AKT1	PKMYT1	1.0
AKT1	EPHA2	4.0
AKT1	CSNK2A1	2.0
LYN	PEAK1	0.0
BTK	ITK	0.0
BTK	TEC	1.0
GRK2	PDGFRB	0.0
LYN	RAF1	6.0
PRKCA	SIK1	0.0
ABL1	ROS1	0.0
MTOR	RPS6KB2	26.0
MAPK13	MAPKAPK3	2.0
CDK11B	PAK1	0.0
ACVR1	CDK14	0.0
BMPR1B	CDK14	0.0
CDK17	TGFBR1	0.0
CDK14	TGFBR1	0.0
TGFBR1	TSSK1B	0.0
CDK1	TGFBR2	1.0
TGFBR2	TSSK1B	0.0
MAP3K1	RAF1	5.0
MAP3K1	MAPK1	6.0
MAP3K7	TGFBR1	4.0
PRKG1	RAF1	4.0
RET	SRC	0.0
ATM	ATR	6.0
FGFR1	PIK3CA	11.0
FGFR3	PIK3CA	8.0
MAPK3	SRC	26.0
MAPK1	SRC	26.0
CHUK	MAP3K14	10.0
RAF1	SRC	21.0
ACVR1C	ACVR2A	3.0
ACVR1C	ACVR2B	3.0
ACVR2B	BMPR1A	4.0
ACVR2A	BMPR1B	4.0
ACVR2A	BMPR1A	4.0
CAMK2B	CAMK2G	29.0
CDC7	CDK2	1.0
CHKA	CHKB	2.0
MAP3K7	PRKCQ	4.0
FYN	SYK	5.0
ATM	CDK2	6.0
PAK3	SRC	4.0
PAK1	SRC	8.0
FYN	PAK3	4.0
FYN	PAK1	5.0
JAK2	LYN	2.0
ERBB2	ERBB4	5.0
FYN	PIK3CD	10.0
FYN	PIK3CA	10.0
FYN	LYN	3.0
EGFR	LRRK2	0.0
EGFR	PTK6	0.0
LRRK2	PTK6	0.0
PTK2	SRC	12.0
MET	SRC	7.0
JAK2	PIK3CD	14.0
JAK2	PIK3CB	14.0
JAK1	JAK3	12.0
JAK1	SYK	7.0
IRAK1	IRAK4	16.0
JAK2	JAK3	9.0
IRAK1	IRAK2	2.0
IRAK2	IRAK4	2.0
BTK	IRAK2	0.0
BTK	IRAK1	2.0
JAK2	KIT	2.0
JAK3	PTK2B	2.0
MAPK6	MAPKAPK5	0.0
IKBKB	IRAK1	13.0
ERBB2	ERBB3	6.0
NTRK3	SRC	0.0
SRC	TRIO	0.0
AKT1	PDPK1	20.0
PIK3C3	PIK3R4	4.0
PIP4K2B	PIP4K2C	3.0
RAF1	SGK1	3.0
RAF1	SGK3	2.0
RAF1	SGK2	2.0
MAPK3	MARK3	0.0
MAP2K2	RAF1	63.0
MAPK1	MARK3	0.0
MARK3	RAF1	0.0
MAP2K2	MARK3	0.0
MAP2K1	MARK3	0.0
KSR1	MAPK3	3.0
RIPK1	RIPK3	4.0
BRAF	NTRK1	4.0
FES	PAK1	1.0
FES	PAK3	1.0
FES	PAK2	1.0
FYN	PAK2	4.0
TGFBR1	TGFBR2	21.0
CHEK1	KIT	0.0
FES	KIT	0.0
FYN	KDR	1.0
KDR	PIK3CB	7.0
KDR	SRC	5.0
KDR	PAK2	3.0
AXL	PIK3CB	0.0
AXL	PIK3CA	0.0
BRAF	MAPK3	39.0
BRAF	MARK3	0.0
BRAF	KSR1	0.0
NEK6	NEK9	0.0
ERBB2	MATK	0.0
ERBB3	MATK	0.0
ERBB4	MATK	0.0
EGFR	MATK	0.0
ERBB4	PTK6	0.0
ERBB3	PTK6	0.0
IRAK2	MAP3K7	0.0
KALRN	MAPKAPK5	0.0
KIT	PRKCA	7.0
BTK	IRAK4	2.0
CDK4	PTK6	0.0
AKT1	PTK6	0.0
MAPK11	MAPKAPK2	6.0
MAPK11	MAPKAPK3	2.0
MAPK14	MAPKAPK3	2.0
ARAF	BRAF	31.0
CSNK1A1	GRK2	1.0
AKT1	RPS6KB2	26.0
MAP2K3	MAPKAPK3	1.0
MAP2K3	MAPK11	17.0
MAP2K6	MAPKAPK3	1.0
MAP2K3	MAPKAPK2	2.0
MAP2K6	MAPKAPK2	3.0
MAP2K6	MAPK11	20.0
MAP2K6	MAPKAPK5	1.0
MAP2K3	MAPKAPK5	1.0
BMPR1A	BMPR1B	5.0
ATR	CDK2	5.0
ATR	CDC7	1.0
ROCK2	SRC	11.0
ROCK1	SRC	11.0
CDK1	MASTL	0.0
CDK1	NEK9	0.0
MAPK7	RPS6KA2	2.0
MAPK1	RPS6KA2	7.0
KIT	PIK3CA	8.0
MAP2K6	PIP4K2B	0.0
MAP2K6	PIP4K2A	0.0
CHUK	IRAK1	12.0
PAK2	PAK3	9.0
PAK1	PAK3	9.0
PDPK1	PRKCA	10.0
PDPK1	RPS6KA2	3.0
LYN	PRKCQ	1.0
SYK	TEC	1.0
CAMK2A	JAK2	4.0
CAMK2G	JAK2	4.0
CAMK2D	JAK2	4.0
CAMK2G	JAK1	3.0
CAMK2D	JAK1	3.0
CHEK1	WEE1	2.0
CDK5	FYN	1.0
AKT1	TRIB3	1.0
MAPK11	RPS6KA5	5.0
CSK	INSR	0.0
CSK	IGF1R	0.0
MAPK1	NEK2	0.0
NME1	NME3	3.0
MAP3K3	MARK2	0.0
ACVR1	BMPR2	4.0
ABL1	ATM	3.0
CHEK1	PRKDC	1.0
LCK	PIK3CA	6.0
MAPK14	STK39	0.0
KSR2	MAP3K8	0.0
EGFR	PRKCA	22.0
FLT1	KDR	5.0
MAPK14	MAPK3	43.0
GRK2	PRKCB	3.0
BTK	PRKCB	2.0
ARAF	PBK	0.0
CDK11A	PAK1	0.0
MAPK3	RPS6KA4	2.0
PDK1	PDK2	0.0
EPHB2	STK26	0.0
FYN	JAK2	1.0
AKT1	MAPKAPK2	6.0
LCK	PTK2B	2.0
RAF1	STK26	0.0
CDK1	LYN	1.0
LIMK1	PAK4	3.0
MAP3K14	MAP3K8	3.0
JAK1	TEC	1.0
JAK2	TEC	0.0
ABL1	PRKDC	1.0
MAPK1	PRKCE	9.0
FYN	PRKCQ	1.0
KIT	YES1	0.0
BTK	PRKD1	0.0
MAPK9	PRKD1	0.0
MAPK8	PRKD1	0.0
IKBKB	MAP3K13	1.0
EGFR	JAK2	4.0
PRKCD	RIPK4	0.0
JAK2	PTK2B	2.0
EGFR	PTK2B	4.0
EGFR	SRC	16.0
KIT	TEC	0.0
PRKCI	SMG1	0.0
ALK	JAK3	2.0
CAMK1	CAMKK2	1.0
SRC	SYK	6.0
CHUK	PRKDC	0.0
ABL1	MTOR	4.0
MTOR	PRKCD	4.0
CHEK2	PLK3	0.0
EGFR	PRKACA	14.0
FYN	RAF1	7.0
BTK	LYN	5.0
PRKCB	RIPK4	0.0
PRKCD	PTK2B	2.0
FYN	NTRK2	0.0
LYN	PRKDC	0.0
INSR	PRKCD	2.0
LYN	TYK2	2.0
INSR	INSRR	0.0
CSF1R	YES1	0.0
CHEK2	PLK1	1.0
EPHA8	PIK3CG	0.0
ERN1	TAOK3	0.0
AKT1	PKN2	2.0
KIT	MATK	0.0
KIT	LYN	0.0
LYN	PIK3CG	3.0
EIF2AK2	MAP3K5	1.0
AKT3	PRKCZ	10.0
PRKCZ	SRC	8.0
BMX	SRC	0.0
LIMK1	LIMK2	4.0
CSK	PTK2	0.0
MAP3K5	MAP3K6	1.0
EGFR	ERBB3	6.0
EGFR	RIPK1	3.0
EGFR	MAP3K14	2.0
EGFR	PDGFRB	18.0
ABL1	NTRK1	3.0
FYN	TYK2	1.0
FYN	TNK2	0.0
FYN	PTK2B	2.0
ARAF	MAP2K2	26.0
CDK2	LYN	2.0
CDK2	PRKCH	0.0
IKBKB	MAP3K14	10.0
AKT1	ILK	3.0
CHUK	MAP3K7	19.0
MAP3K5	MAP3K7	3.0
IKBKB	MAP3K7	19.0
JAK1	RAF1	13.0
ABL1	EPHB2	1.0
ABL1	SRC	3.0
EGFR	PDK3	0.0
STK11	STRADB	2.0
MAPK14	MKNK2	1.0
MAP4K4	PRKCE	0.0
WNK1	WNK2	0.0
MAP3K10	MAP3K21	0.0
CDK2	CHEK2	4.0
HIPK2	NLK	0.0
NME1	NME2	3.0
CHUK	PRKCI	1.0
EGFR	TNK2	0.0
MAPK3	PFKM	2.0
IKBKB	MAPK14	26.0
MAPKAPK2	MAPKAPK5	1.0
AURKB	LATS2	0.0
AXL	TNK2	0.0
MAPK9	PRKDC	0.0
MAP3K3	MAP3K7	1.0
CHUK	SRC	10.0
IKBKB	SRC	10.0
CHUK	MAP3K1	4.0
IKBKB	MAP3K1	5.0
MAP2K4	MAP3K1	5.0
MAP3K1	MAP4K2	1.0
MAP3K3	RIPK1	0.0
MAP2K6	MAP3K4	2.0
MAP2K3	MAP3K4	2.0
MAP2K7	MAP3K1	5.0
MAP2K4	MAP3K4	2.0
IRAK1	IRAK3	1.0
BUB1	PLK1	3.0
ERBB4	TRIM28	0.0
BTK	SYK	6.0
MAP3K1	STK38	0.0
MAP3K2	STK38	0.0
DAPK1	LRRK2	0.0
DAPK1	LRRK1	0.0
MARK3	PIM1	0.0
HCK	TNK2	0.0
PAK2	SRC	4.0
MAP3K7	ROR2	1.0
EGFR	FER	1.0
MAP3K7	TGFBR2	4.0
GSK3B	MAPK1	31.0
AKT1	PINK1	0.0
GSK3A	PRKACA	2.0
GSK3B	PRKACA	12.0
MAP3K7	RIPK2	2.0
MAP3K7	TAOK2	1.0
MAP3K7	PINK1	0.0
DAPK1	MAPK3	3.0
IRAK1	PINK1	0.0
MAP2K4	MAP3K7	7.0
MAP2K6	MAP3K7	10.0
BRAF	PRKCE	1.0
BRAF	RPS6KB2	11.0
CSNK2A1	RIOK2	1.0
EGFR	FES	0.0
ERBB2	FGR	0.0
ERBB2	FER	1.0
ERBB2	JAK1	3.0
ERBB2	TEC	0.0
ERBB2	TXK	0.0
ERBB3	TXK	0.0
EGFR	ZAP70	2.0
ERBB3	ZAP70	0.0
EGFR	SYK	2.0
ERBB2	SYK	1.0
ERBB3	SYK	1.0
ERBB3	JAK3	1.0
ERBB2	ITK	0.0
ERBB3	ITK	0.0
ERBB2	SRC	6.0
CASK	PLK2	0.0
PFKP	WNK1	0.0
NEK6	PAK6	0.0
NME2	NME4	3.0
ACVR1B	PRKACB	0.0
CDC7	CDK9	0.0
MAPK8	MKNK2	2.0
CDK17	PRKACG	0.0
PDGFRA	TGFBR2	3.0
PFKL	PFKM	9.0
CDK1	PAK6	1.0
CDK1	MLKL	0.0
GSK3B	SGK3	1.0
MAP4K4	NME7	0.0
MAP3K7	SIK3	0.0
MAP3K7	SIK1	0.0
MAPK4	MAPKAPK5	0.0
CDK1	PKMYT1	3.0
CDK11A	CSNK2A1	0.0
CDK11A	CSNK2A2	0.0
SRPK2	TTN	0.0
SRPK1	STK26	0.0
LATS1	LATS2	2.0
NTRK1	TNK2	0.0
NTRK2	TNK2	0.0
NTRK3	TNK2	0.0
MAP3K2	MAP3K3	2.0
AKT1	PRKCZ	10.0
AKT2	PRKCZ	10.0
CLK3	SRPK2	0.0
MAP3K1	MAPK3	6.0
EGFR	MAP4K1	1.0
CSNK2A1	CSNK2A2	7.0
MAPKAPK3	PRKY	0.0
MAPK8	MAPK9	61.0
STK40	TRIB1	0.0
ACVR1	ACVR1B	3.0
MAP2K4	MAP3K3	3.0
AKT1	TNK2	0.0
AK2	NME2	1.0
AKT1	PRKCB	30.0
ERBB2	STK24	0.0
BRD2	CSNK2A2	0.0
AKT1	SRC	20.0
AKT1	RPS6KB1	26.0
MAP2K3	TAOK2	1.0
MAP2K6	TAOK2	1.0
MAP3K3	PRKACA	3.0
MAP3K7	NLK	3.0
MAPK3	RET	3.0
MKNK1	PAK2	1.0
HCK	PIK3CB	3.0
IKBKB	LATS2	0.0
PBK	SRC	0.0
ATR	CHUK	3.0
ERBB2	PTK2	5.0
GSK3B	TBK1	8.0
ERBB3	PTK2B	1.0
CHEK1	IGF1R	0.0
ALK	CDK9	0.0
IGF1R	PRKDC	0.0
MTOR	PDGFRA	10.0
BRD4	FGFR3	0.0
MTOR	PRKDC	0.0
CHEK1	MTOR	2.0
CHEK2	ERBB2	0.0
IGF1R	MTOR	13.0
CHEK1	PIK3CA	4.0
CDK9	ROR1	0.0
BRAF	FGFR2	6.0
BRD4	MAP2K1	0.0
FGFR2	MAP3K1	1.0
CDK9	PIK3CA	0.0
CDK9	CHEK1	0.0
CDK4	PRKDC	1.0
CDK4	CHEK2	4.0
KIT	RPS6KB1	4.0
BRAF	PIK3CA	29.0
CDK9	PDGFRA	0.0
CDK4	ERBB2	7.0
ABL1	RPS6KB1	3.0
CDK6	FGFR3	3.0
CHEK1	MET	0.0
BRAF	EGFR	22.0
AKT1	PIK3CA	79.0
FGFR1	TNK2	0.0
AKT1	FGFR1	11.0
AKT1	AKT2	88.0
FYN	SRC	4.0
NME3	NME4	3.0
FYN	YES1	1.0
KDR	MAPK1	7.0
MAPK14	MAPK8	38.0
MAPK14	PAK1	7.0
MAPK14	PAK2	4.0
MAPK14	PAK3	3.0
ATM	PRKCA	2.0
AAK1	PPIP5K2	0.0
KSR1	MAST3	0.0
KSR1	TESK2	0.0
DCLK1	TESK2	0.0
MAST3	TESK2	0.0
CDK16	TESK2	0.0
CDK16	DCLK1	0.0
KSR1	MAP3K21	0.0
KSR1	MELK	0.0
CDK16	MAST3	0.0
MAP3K21	MAST3	0.0
MAP3K21	TESK2	0.0
MELK	TESK2	0.0
MAST3	MELK	0.0
CDK16	MAP3K21	0.0
CDK16	MELK	0.0
AAK1	WNK1	0.0
NEK7	NEK9	0.0
NEK7	NEK8	0.0
NEK7	PLK1	0.0
CDK5	PIKFYVE	0.0
CHEK2	WEE1	1.0
CHEK2	TTN	0.0
CHEK1	TTN	0.0
CSNK2A1	STK11	0.0
MAP2K1	MTOR	29.0
MAP2K1	TTN	0.0
MAP2K1	STK11	4.0
MAPK1	MTOR	32.0
CDK1	SCYL2	0.0
PDGFRA	PIK3CA	15.0
MAP2K7	MAPK1	14.0
CSF1R	KIT	7.0
MAP3K11	MAP3K21	0.0
PLK1	STK3	0.0
PASK	PRKAA1	0.0
BRAF	PIP5K1A	1.0
BRAF	PIP4K2C	1.0
BRAF	MAP2K7	4.0
LATS1	SRC	0.0
LATS2	SRC	0.0
ARAF	CDK4	10.0
ARAF	EPHA2	1.0
ARAF	MAP2K3	2.0
ARAF	STK11	1.0
AURKA	EPHA2	0.0
CDK4	EPHA2	1.0
CDK4	FGFR4	2.0
CDK4	LATS2	0.0
CDK4	STK11	2.0
CDK6	EPHA2	1.0
CDK6	FGFR4	2.0
CDK6	LATS2	0.0
CDK6	STK11	1.0
EPHA2	MAP2K3	2.0
ERBB2	FGFR4	3.0
ERBB2	LATS2	0.0
ERBB2	STK11	2.0
FGFR4	MAP2K3	2.0
BUB1B	SCYL1	0.0
SCYL1	TRPM7	0.0
MAP2K5	MET	1.0
MAP2K5	PDGFRA	2.0
MAP2K5	RAF1	4.0
MAP2K5	STK11	0.0
MET	STK11	1.0
ARAF	CDK6	9.0
ARAF	FGFR4	3.0
ARAF	LATS2	0.0
ARAF	MAP2K5	1.0
AURKA	MAP3K5	0.0
AURKA	STK11	0.0
BRAF	LATS2	0.0
BRAF	MAP2K3	3.0
BRAF	MAP2K6	3.0
BRAF	STK11	2.0
CDK4	MAP3K5	1.0
CDK6	MAP3K5	0.0
LATS2	MAP2K3	0.0
MAP2K3	MET	2.0
MAP2K6	RAF1	11.0
MAP2K6	STK11	0.0
MAP3K5	STK11	1.0
MAPK14	STK11	1.0
PDGFRA	STK11	1.0
BMPR1A	LYN	0.0
BMPR1A	PRKDC	0.0
BMPR1A	TBK1	0.0
RIPK4	TTK	0.0
RIPK4	STK26	0.0
FGFR2	SRC	3.0
BMPR1A	CDK9	0.0
BMPR1A	MAP2K2	1.0
BRAF	IGF1R	14.0
CDK9	MAP2K2	0.0
CDK9	YES1	0.0
CSNK1A1	RAF1	4.0
CSNK1A1	MAP2K1	4.0
GSK3A	TRIM28	0.0
GSK3A	MARK2	0.0
GSK3A	SRPK1	0.0
BRAF	NME2	0.0
CDK9	CIT	0.0
CDK9	PFKL	0.0
CDK9	STK26	0.0
CSNK1A1	PFKL	0.0
GSK3A	MARK3	0.0
GSK3A	SRPK2	0.0
MAP2K1	SRPK1	0.0
MAP2K3	SRPK2	0.0
MAP2K3	SRPK1	0.0
CASK	PRKCI	0.0
CASK	MARK2	0.0
PRKCZ	STK38	0.0
FGFR1	PDGFRB	9.0
DAPK1	ZAP70	0.0
DAPK1	PIM2	1.0
DAPK1	SGK2	0.0
DAPK1	SCYL1	0.0
DAPK1	EPHA1	0.0
DAPK1	PHKG2	0.0
DAPK1	PIM1	1.0
DAPK1	PAK6	0.0
LRRK1	TEC	0.0
LRRK1	PLK1	0.0
LRRK1	NEK1	0.0
LRRK2	RPS6KB2	0.0
LRRK2	ZAP70	0.0
AKT1	PFKP	5.0
ERBB4	FYN	0.0
ERBB4	NTRK2	2.0
IKBKB	SGK1	3.0
BRAF	SGK1	2.0
GSK3B	SGK1	2.0
MAP3K3	SGK1	0.0
CDK6	PLK4	0.0
MAPK1	STK25	0.0
PIK3C2A	RIOK3	0.0
CDK8	RIOK3	0.0
MAP3K1	RIOK3	0.0
BMPR1B	CHEK1	0.0
FLT3	IKBKB	5.0
CSNK1A1	IKBKB	1.0
CAMK2D	CASK	0.0
CDK5	GAK	0.0
CHEK1	CHUK	2.0
MAP3K4	MAPK13	2.0
AKT2	PDPK1	20.0
MTOR	PDPK1	10.0
PAK1	PDPK1	3.0
ILK	PDPK1	3.0
MAP2K7	MAP3K7	10.0
CSNK1A1	MAP3K7	1.0
CSNK1E	MAP3K7	1.0
GSK3B	MAP3K7	6.0
HIPK2	MAP3K7	0.0
RAF1	RIPK2	2.0
GSK3B	RIPK2	2.0
FES	JAK2	0.0
ERBB3	JAK2	1.0
BMPR1B	ROCK2	1.0
RAF1	ROCK2	12.0
IGF1R	ROCK2	3.0
FGFR3	ROCK2	2.0
NTRK1	ULK1	0.0
MAPK1	RPS6KA4	2.0
BRAF	TRIO	0.0
PKN2	STK10	0.0
GSK3A	PRKD3	0.0
CSNK1E	OXSR1	0.0
ACVR1	OXSR1	0.0
MAP3K7	MAP4K4	1.0
NEK9	PAK4	0.0
CHEK1	CHEK2	4.0
AURKA	EGFR	0.0
NME2	PGK1	0.0
MAPK3	PGK1	1.0
LCK	RAF1	3.0
ARAF	RAF1	31.0
PRKCD	RAF1	8.0
CDK5	NTRK1	0.0
GRK2	PRKCG	2.0
MAP2K4	PRKCG	4.0
GSK3A	PRKCG	1.0
IKBKB	PRKCB	13.0
CHUK	PRKCB	11.0
GSK3A	PRKCB	2.0
PKN1	PRKCB	0.0
ERBB2	LCK	0.0
ITK	LCK	1.0
ABL1	FYN	3.0
ERBB2	FYN	2.0
CDK1	FYN	0.0
ABL2	FYN	1.0
BUB1	CDK1	3.0
ABL1	CDK1	1.0
JAK2	YES1	0.0
PDGFRB	YES1	0.0
ERBB3	LYN	0.0
FGFR3	IGF1R	7.0
ERBB3	HCK	0.0
AGK	HCK	0.0
IGF1R	ROS1	0.0
FYN	PDGFRB	2.0
ARAF	PDGFRB	6.0
MAPK3	PDGFRB	16.0
ERBB3	FGR	0.0
ABL1	KIT	2.0
ERBB3	FGFR1	3.0
CAMKK2	CDK4	0.0
PDPK1	SRC	3.0
LYN	SRC	5.0
IGF1R	SRC	5.0
KIT	SRC	1.0
ERBB3	SRC	2.0
PRKACB	SRC	14.0
PRKCI	SRC	4.0
PRKCE	SRC	3.0
MAP4K1	SRC	0.0
PIK3C2A	PKM	0.0
PDPK1	PKM	0.0
PIK3CG	PKM	0.0
CDK5	PKM	0.0
PIK3C3	PKM	0.0
NEK9	PKM	0.0
CAMKK2	NME1	0.0
MAPK3	PDGFRA	16.0
ERBB3	FER	0.0
LCK	PRKCA	1.0
GRK2	PRKCA	2.0
GSK3A	PRKCA	1.0
LCK	PRKACA	1.0
BRAF	PRKACA	13.0
GRK2	PRKACA	5.0
CSK	PRKACA	0.0
CDK5	PRKACA	1.0
CDK16	PRKACA	0.0
PAK1	PRKACA	5.0
CHEK1	PFKL	0.0
CDK2	PFKL	0.0
GSK3A	PFKL	0.0
CDK5	PFKL	0.0
IKBKE	PFKL	0.0
CAMK1D	PFKL	0.0
CAMKK2	HK1	0.0
CDK1	EIF2AK2	1.0
EGFR	NME2	0.0
MAPK14	NME2	0.0
PFKL	PRKACG	1.0
MAPK1	PRKACG	36.0
MAP2K2	PRKACG	23.0
MTOR	PRKACG	12.0
PFKP	PRKACG	2.0
CHEK1	PRKACB	2.0
MAPK1	PRKACB	36.0
MAP2K2	PRKACB	23.0
PFKP	PRKACB	2.0
CAMK1	PRKACB	3.0
AKT2	RPS6KB1	26.0
FES	JAK1	0.0
IGF1R	JAK1	3.0
PDPK1	PRKCH	0.0
FYN	PRKCH	0.0
CDK15	CDK2	0.0
AKT1	GRK2	1.0
INSR	MAPK3	13.0
LYN	MAPK3	9.0
CSNK2A2	MAPK3	2.0
GRK2	MAPK3	2.0
KDR	MAPK3	7.0
GSK3A	MAPK3	2.0
CDK9	MAPK3	0.0
MAPK15	MAPK3	1.0
CAMKK2	MAPK3	3.0
MAP3K3	MAPK3	5.0
IKBKB	MARK3	0.0
CSNK2A1	MARK3	0.0
BMPR1B	MAPK1	3.0
INSR	MAPK1	13.0
ARAF	MAPK1	31.0
CDK2	MAPK1	14.0
CDK7	MAPK1	0.0
CAMK2D	MAPK1	18.0
CAMKK2	MAPK1	3.0
CDK17	EPHA2	0.0
EGFR	TYK2	3.0
CSF1R	TYK2	1.0
CDK2	WEE1	1.0
MAPK8	WEE1	1.0
CSNK1E	WEE1	0.0
NEK6	WEE1	0.0
ROR2	RYK	1.0
LCK	MAP2K2	5.0
STK17B	TGFBR1	0.0
ACVR2A	TGFBR1	2.0
AXL	CSK	0.0
AKT2	CSK	0.0
CDK6	CSK	0.0
MAP2K1	MAP3K8	4.0
IRAK1	PRKCI	0.0
PAK1	PRKCI	0.0
EIF2AK1	PIK3CA	3.0
CSNK2A2	MTOR	1.0
CAMKK2	MTOR	4.0
LYN	MATK	0.0
HCK	MATK	0.0
SRC	TEC	0.0
PIP4K2A	TEC	0.0
BRAF	FRK	0.0
FYN	ZAP70	2.0
PIK3CG	ZAP70	0.0
FGR	SYK	0.0
PRKCA	SYK	5.0
MAPK3	SYK	12.0
PAK2	SYK	0.0
ERBB4	SYK	1.0
RPS6KA1	SYK	0.0
MAPK3	MAPK8	45.0
MAPK1	MAPK8	45.0
AKT2	MAPK8	42.0
MAP3K10	MAPK9	0.0
MAPK14	MAPK9	38.0
CHUK	MAP2K4	11.0
BMPR1B	MAP2K3	0.0
IRAK2	MAP2K3	0.0
CDK5	CSNK1D	0.0
GRK2	PIK3CG	1.0
MERTK	PIK3CG	0.0
IRAK2	MAPKAPK2	1.0
AKT2	MAPKAPK2	6.0
LIMK1	MAPKAPK2	0.0
MAPK6	MAPKAPK2	0.0
BRD4	CDK8	0.0
CHEK2	CLK2	0.0
BMPR1B	GSK3B	3.0
FGFR3	GSK3B	3.0
AKT2	GSK3B	30.0
CSNK2A1	GSK3B	2.0
CDK6	CDK7	1.0
CDK5	CDK7	0.0
CDK19	CDK7	0.0
ATR	CDK9	0.0
CAMKK2	GALK1	0.0
EGFR	PRKX	0.0
IRAK2	MAP2K6	0.0
IKBKB	PLK1	1.0
KIT	PLK1	0.0
CDK2	PLK1	4.0
NEK9	PLK1	0.0
PKMYT1	PLK1	3.0
CSNK2A2	PRKAA2	0.0
MAPK3	PRKAA2	7.0
PLK1	PRKAA2	1.0
MAPK14	PRKAA2	3.0
CAMK1D	PRKAA2	1.0
MARK4	PRKAA2	0.0
ABL1	EPHA4	1.0
CSNK1D	CSNK2A1	0.0
PIK3C2A	PRKDC	0.0
FYN	PRKDC	0.0
PRKAA2	PRKDC	0.0
PRKCD	PRKDC	0.0
PAK1	PRKDC	0.0
PIK3C3	PRKDC	0.0
CAMKK2	CDK3	0.0
CDK1	CDK6	4.0
CDK2	CDK5	0.0
AK2	CDK5	0.0
CSNK2A2	PFKP	0.0
MAPK3	PFKP	3.0
MAP2K2	PFKP	3.0
CSNK1D	PFKP	0.0
BTK	PFKP	0.0
GSK3A	ROR2	0.0
CDK2	PRKCE	0.0
MTOR	PRKCE	5.0
IRAK1	PRKCE	0.0
CSNK2A1	PRKCE	0.0
LCK	TEK	0.0
FYN	TEK	0.0
LYN	TEK	0.0
FYN	GUCY2D	0.0
AKT1	PRKCQ	6.0
JAK2	PTK2	4.0
FLT1	PTK2	3.0
ERBB3	PTK2	3.0
EPHA2	PTK2	2.0
IKBKB	PRKCZ	6.0
FYN	PRKCZ	3.0
PRKCA	PRKCZ	5.0
PRKCI	PRKCZ	7.0
PIK3CG	PRKCZ	2.0
GSK3A	PRKCZ	1.0
GSK3B	PRKCZ	6.0
CSNK2A1	PRKCZ	0.0
PRKCQ	PRKCZ	1.0
PRKCD	PRKCZ	4.0
MAPK14	PRKCZ	6.0
GRK2	PRKCD	1.0
AKT1	PRKCD	9.0
PIK3CA	PRKCD	11.0
GSK3A	PRKCD	2.0
GSK3B	PRKCD	4.0
FYN	TYRO3	0.0
SRC	TYRO3	0.0
LTK	TNK2	0.0
FYN	ITK	1.0
MAP3K11	MAP4K2	1.0
MAP3K11	MAP3K12	1.0
AXL	MERTK	0.0
BMPR2	MERTK	0.0
NME2	STK4	0.0
CAMKK2	STK4	0.0
MARK4	PRKAA1	0.0
ERBB2	PAK1	4.0
CSNK2A2	PAK1	0.0
CDK2	PAK1	0.0
AKT2	PAK1	12.0
CSNK1D	PAK1	0.0
CSNK1E	PAK1	1.0
GSK3B	PAK1	5.0
LIMK1	PAK1	4.0
MAP2K1	PAK1	13.0
MAPK7	PAK1	1.0
MAP3K1	PAK1	1.0
ILK	PAK1	2.0
MYLK	PAK1	2.0
CHEK2	MAPK7	0.0
CDK2	MAPK7	0.0
CDK5	MAPK7	0.0
MAPK14	MAPK7	5.0
ABL1	PAK2	4.0
LYN	PAK2	1.0
HCK	PAK2	1.0
LIMK1	PAK2	3.0
AK2	PAK2	0.0
MYLK	PAK2	2.0
CDK2	STK3	0.0
CDK6	STK3	0.0
NME2	NME3	3.0
PIK3C2A	TRIM28	0.0
PDPK1	TRIM28	0.0
PIK3CG	TRIM28	0.0
PRKAA2	TRIM28	0.0
STK3	TRIM28	0.0
NEK9	TRIM28	0.0
CAMKK2	TRIM28	0.0
LIMK1	ROCK1	3.0
LIMK2	ROCK1	2.0
PRKAA1	PRPF4B	0.0
IKBKB	RIPK1	13.0
CSNK1A1	RIPK1	0.0
PRKCQ	RIPK1	2.0
CDC42BPB	RIPK1	0.0
PAK1	PRKG1	0.0
PBK	PRKG1	0.0
AK2	IKBKE	0.0
DSTYK	IKBKE	0.0
ERBB2	PTK2B	1.0
LYN	PTK2B	1.0
PIK3CB	PTK2B	8.0
MATK	PTK2B	0.0
PRKCE	PTK2B	0.0
MAP3K4	PTK2B	1.0
CAMKK2	MELK	0.0
MARK2	PRKD1	0.0
ERBB3	ERBB4	5.0
PRKCA	RPS6KA2	3.0
MAP2K1	RPS6KA2	7.0
EPHA2	EPHA7	1.0
EEF2K	RPS6KA1	0.0
MTOR	RPS6KA1	3.0
PRKAA2	STK11	8.0
MARK1	STK11	0.0
CDK5	NTRK3	0.0
MAP2K6	PKN1	1.0
MAPK12	PKN1	3.0
MAPK14	PKN1	3.0
EGFR	MAPK14	10.0
MAPK1	MAPK14	43.0
CDK7	MAPK14	0.0
LIMK1	MAPK14	2.0
MAPK12	MAPK14	52.0
MAP2K1	MAP3K11	1.0
BUB1	MAPKAPK3	0.0
EGFR	MAPKAPK3	1.0
MAP3K7	MAPK6	1.0
MAPK1	MAPK6	1.0
MAP3K12	MAPK6	0.0
ABL1	LRRK1	0.0
CDK2	PAN3	0.0
CDK5	PAN3	0.0
AKT1	LRRK2	0.0
GSK3B	STYK1	0.0
LRRK2	TAOK1	0.0
MARK2	TAOK1	0.0
STK25	STRADA	0.0
ABL1	NEK8	0.0
BMPR1B	VRK2	0.0
TGFBR1	VRK2	0.0
MAP2K1	VRK2	0.0
ACVR1	VRK2	0.0
EGFR	PRAG1	0.0
CAMK1	CAMK1D	4.0
MAPK13	MAPKAPK5	1.0
MAPK12	MAPKAPK5	1.0
NTRK1	ULK2	0.0
PRKAA2	ULK2	2.0
MAP4K4	MINK1	0.0
CHEK2	PIK3C3	0.0
CDK5	COQ8A	0.0
BMPR1B	UHMK1	0.0
ABL1	UHMK1	0.0
TGFBR1	UHMK1	0.0
CSNK1A1	UHMK1	0.0
CSNK1E	UHMK1	0.0
GSK3B	UHMK1	0.0
ACVR1	UHMK1	0.0
TGFBR1	TTN	0.0
PTK2	TTN	0.0
MAST2	TTN	0.0
FYN	MAP4K1	0.0
MAP3K11	MAP4K1	1.0
LATS1	MARK4	0.0
TGFBR1	TSSK2	0.0
CSNK1E	TSSK2	0.0
CAMK4	CAMKK2	3.0
AKT2	TRIB3	1.0
MAP2K4	TRIB1	0.0
MAP2K1	TRIB1	0.0
PFKL	TP53RK	0.0
RPS6KB2	TP53RK	0.0
PDPK1	SRPK1	0.0
PRKAA1	SRPK1	0.0
CSNK1D	PIK3R4	0.0
IKBKB	MAP3K3	4.0
LYN	MAP3K3	0.0
ALK	MAP3K3	1.0
CSNK1A1	MKNK1	0.0
GSK3B	MKNK1	1.0
CSNK1D	RIOK2	0.0
CDK5	RIOK2	0.0
PRKAA1	TRPM6	0.0
CASK	PRKD2	0.0
BMPR1B	MKNK2	0.0
MAPK3	MKNK2	3.0
MAPK1	MKNK2	3.0
MAPK11	MKNK2	1.0
MAP2K7	MAP3K20	1.0
MAP2K4	MAP3K20	1.0
MAP2K6	MAP3K20	1.0
MAPK8	STK26	0.0
CSNK1A1	EIF2AK4	0.0
CSNK1E	EIF2AK4	0.0
MAPK8	NLK	3.0
PRKAA2	RPS6KB2	10.0
CDK5	RPS6KB2	0.0
MAPK7	RPS6KB2	0.0
MAPK14	RPS6KB2	6.0
EIF2AK4	RPS6KB2	1.0
RIOK3	TBK1	0.0
IKBKE	TBK1	13.0
MAP3K14	TBK1	1.0
CSNK1A1	DAPK2	0.0
CSNK1E	DAPK2	0.0
MAP3K7	TNIK	0.0
MAPK1	TNIK	0.0
MAP2K7	MAP3K2	2.0
IKBKB	MAP3K2	1.0
MAP2K4	MAP3K2	2.0
ABL1	WNK2	0.0
FYN	WNK2	0.0
ABL1	MAP4K5	0.0
FYN	MAP4K5	0.0
DAPK1	RIPK3	0.0
PRKDC	RIPK3	0.0
IRAK2	IRAK3	1.0
PRKAA1	PRKAA2	19.0
ABL2	FLT3	1.0
ABL1	FLT3	2.0
BLK	FLT3	0.0
CSK	EGFR	1.0
CAMKK1	CAMKK2	1.0
EPHA8	EPHB1	1.0
EPHA8	EPHB3	1.0
EPHA8	EPHB6	1.0
EPHA8	EPHB4	1.0
EPHA8	EPHB2	1.0
MAP2K5	MAP3K1	2.0
MAP2K5	NTRK1	2.0
MAP2K5	MAP3K8	1.0
MAPK13	PAK1	7.0
MAPK13	PAK2	4.0
MAPK12	PAK1	7.0
MAPK12	MAPK3	43.0
MAPK12	PAK2	4.0
MAPK1	PRKCB	43.0
MAPK1	PRKCH	1.0
MAPK1	TYK2	10.0
MAPK1	MET	15.0
MAPK1	RPS6KA6	7.0
MAPK1	PRKCQ	7.0
MAPK1	VRK3	0.0
MAPK1	NTRK1	8.0
MAPK1	MATK	1.0
MAPK1	TRIM24	0.0
MAPK1	YES1	1.0
MAPK1	MOK	0.0
PCK2	PKM	3.0
AURKA	CSNK1E	0.0
AURKA	CDK1	2.0
AURKA	NEK2	0.0
AURKA	ILK	0.0
AURKA	AURKB	0.0
AURKA	PAK1	0.0
AURKA	CSNK1D	0.0
AURKA	PLK4	0.0
CSK	MAP2K1	0.0
CSK	KDR	0.0
CSK	MARK3	0.0
CSK	FLT1	0.0
CSK	PIK3CA	0.0
CSK	RAF1	0.0
CSK	KSR1	0.0
CSK	FLT4	0.0
CSK	MAPK1	0.0
CSK	PRKACG	0.0
CSK	MAP2K2	0.0
CSK	KSR2	0.0
CSK	PRKACB	0.0
CSK	MAPK3	0.0
CSK	TRIM24	0.0
CSK	TRIM28	0.0
GSK3A	PDPK1	0.0
MAPK14	RIPK1	9.0
MAPK14	TEK	2.0
MAPK14	PTK2B	6.0
EIF2AK2	IRAK1	3.0
EIF2AK2	MAPK3	5.0
EIF2AK2	MAP4K4	0.0
KALRN	PAK1	0.0
KALRN	MAPK6	0.0
RAF1	TRIM24	0.0
CSNK1G2	GSK3B	1.0
PI4KA	PIK3C3	2.0
PI4KA	PIP4K2B	2.0
PI4KA	PTK2B	0.0
PI4KA	PIKFYVE	2.0
CDK7	CDK8	0.0
CDK7	CHEK1	1.0
IRAK2	MAP2K4	0.0
IRAK2	MAP2K7	1.0
PDGFRA	PIK3CB	15.0
CDK4	GSK3B	12.0
CDK4	CDK8	0.0
CDK4	JAK2	5.0
CDK4	CDK9	0.0
CDK4	CDK5	0.0
BLK	ZAP70	0.0
BLK	SRC	0.0
BLK	PRKCD	0.0
BLK	EPHA7	0.0
BLK	PTK2	0.0
BLK	EPHA1	0.0
BLK	MAPK14	0.0
BLK	LYN	0.0
BLK	EPHB1	0.0
BLK	EPHA4	0.0
BLK	HCK	0.0
BLK	LCK	0.0
BLK	SYK	0.0
BLK	EPHA3	0.0
BLK	BTK	0.0
BLK	MAPK11	0.0
BLK	EPHA5	0.0
BLK	PDGFRB	0.0
BLK	EPHB2	0.0
BLK	EPHA6	0.0
BLK	ITK	0.0
BLK	FYN	0.0
BLK	CSK	0.0
BLK	EPHA2	0.0
BLK	YES1	0.0
BLK	PTK2B	0.0
BLK	FGR	0.0
PDGFRB	PIK3CB	15.0
PDGFRB	PIK3CG	2.0
MAPK6	PAK3	0.0
MAPK6	PAK1	0.0
MAPK6	PAK2	0.0
FLT4	SRC	2.0
PIK3C3	PRKAA1	2.0
PIK3C3	ULK1	1.0
PIK3C3	PRKAA2	2.0
PIK3C3	PIKFYVE	3.0
MARK4	PLK1	0.0
MARK4	TTBK2	0.0
MARK4	STRADB	0.0
MARK4	NEK2	0.0
MARK4	STRADA	0.0
MARK4	PRKACA	0.0
MARK4	PLK4	0.0
MAP2K2	SRC	17.0
MAP2K2	PIK3CA	56.0
MAP2K2	TYK2	5.0
MAP2K2	TRIM24	0.0
MAPK3	PRKCB	43.0
MAPK3	PRKCH	1.0
MAPK3	TYK2	10.0
MAPK3	MET	15.0
MAPK3	VRK3	0.0
MAPK3	NTRK1	8.0
MAPK3	MATK	1.0
MAPK3	TRIM24	0.0
MAPK3	TRIM28	0.0
MAPK3	MOK	0.0
EEF2K	RPS6KB1	1.0
EEF2K	MAPK13	0.0
MAP3K8	PDPK1	1.0
MAP3K8	MAP4K3	1.0
MAP3K8	MAP4K4	1.0
PRKCQ	ZAP70	5.0
PRKCQ	PTK2B	0.0
PRKCG	PRKCH	2.0
PRKCG	PRKCQ	2.0
ACVR1	AMHR2	2.0
AKT3	PDPK1	20.0
AKT3	TRIB3	1.0
AKT3	GSK3A	4.0
AKT3	LYN	7.0
AKT3	LCK	5.0
AKT3	CHUK	37.0
AKT3	MAP3K14	8.0
AKT3	RPS6KB2	26.0
AKT3	MTOR	36.0
AKT3	FYN	8.0
AKT3	MAP3K8	4.0
AKT3	YES1	0.0
KDR	MAPK12	5.0
KDR	MAPK13	5.0
KDR	MAPK14	5.0
KDR	PRKACA	3.0
KDR	PRKACG	3.0
KDR	ROCK2	2.0
KDR	PRKACB	3.0
KDR	MAPK11	5.0
KDR	ROCK1	2.0
PIK3CA	RET	2.0
PIK3CA	PTK2	20.0
PIK3CA	PIK3CB	92.0
PIK3CA	PIP5K1B	7.0
PIK3CA	PRKCQ	6.0
PIK3CA	PIP5K1C	8.0
PIK3CA	PIP4K2B	3.0
PIK3CA	PRKCZ	12.0
PIK3CA	PIK3CG	7.0
PIK3CA	TEK	4.0
PIK3CA	PIK3CD	92.0
PIK3CA	TRIM24	0.0
PIK3CA	PIP5K1A	7.0
PIK3CA	YES1	0.0
PIKFYVE	PIP4K2C	3.0
PIKFYVE	PIP4K2B	3.0
PIKFYVE	PIP4K2A	3.0
PI4K2B	PIP4K2B	2.0
PI4K2B	PIKFYVE	2.0
PIP5K1B	ROCK2	2.0
PIP5K1B	ROCK1	2.0
CDK6	GSK3B	11.0
CDK6	CDK8	0.0
CDK6	LYN	3.0
CDK6	JAK2	4.0
CDK6	PTK6	0.0
PIK3C2A	PIKFYVE	2.0
CDK2	CDK8	0.0
CDK2	CDK4	13.0
CDK2	PTK6	0.0
ERBB3	PRKACA	3.0
ERBB3	MAPK8	2.0
IGF1R	RAF1	18.0
IGF1R	MAPK1	21.0
ERBB2	PIK3CB	14.0
ERBB2	PIK3CA	14.0
ERBB2	PRKACA	5.0
ERBB2	MAPK8	6.0
ERBB2	ROCK2	4.0
ERBB2	YES1	1.0
ERBB2	ROCK1	5.0
SIK1	STK11	0.0
SIK1	STRADB	0.0
SIK1	STRADA	0.0
PLK4	TTBK2	0.0
PLK4	PRKACA	0.0
EGFR	PRKCB	19.0
EGFR	PIK3CA	32.0
EGFR	LCK	1.0
EGFR	GAK	0.0
EGFR	FYN	3.0
EPHA1	EPHA7	1.0
EPHA1	EPHA10	0.0
EPHA1	EPHA8	1.0
EPHA1	LYN	0.0
EPHA1	EPHB1	1.0
EPHA1	EPHB3	1.0
EPHA1	EPHA4	1.0
EPHA1	LCK	0.0
EPHA1	EPHB6	1.0
EPHA1	EPHB4	1.0
EPHA1	EPHA3	1.0
EPHA1	EPHA5	1.0
EPHA1	EPHB2	1.0
EPHA1	EPHA6	1.0
EPHA1	EPHA2	1.0
NTRK2	SRC	0.0
NTRK2	PIK3CA	3.0
PAK1	PTK2	7.0
PAK1	SYK	3.0
PAK1	PAK4	8.0
PAK1	TRIO	0.0
PAK1	PAK5	8.0
PAK1	PDGFRB	4.0
PAK1	YES1	0.0
ATM	CDK7	1.0
ATM	CDK12	0.0
ATM	MAPK8	5.0
ATM	CDK4	5.0
ATM	PLK3	1.0
FER	LYN	0.0
FER	SYK	0.0
EPHA4	SRC	1.0
EPHA4	EPHA7	1.0
EPHA4	EPHA8	1.0
EPHA4	LYN	0.0
EPHA4	EPHB1	1.0
EPHA4	EPHB3	1.0
EPHA4	HCK	0.0
EPHA4	LCK	0.0
EPHA4	EPHB6	1.0
EPHA4	EPHB4	1.0
EPHA4	EPHA5	1.0
EPHA4	EPHB2	1.0
EPHA4	EPHA6	1.0
EPHA4	YES1	0.0
EPHA4	FGR	0.0
FLT1	SRC	2.0
FLT1	FLT4	5.0
RIOK2	RIOK3	0.0
ADK	AK1	1.0
ADK	AK2	1.0
BUB1B	CDK1	1.0
KIT	MAPK8	3.0
BRAF	PRKCB	18.0
BRAF	SRC	8.0
BRAF	CAMK2A	8.0
BRAF	JAK2	3.0
BRAF	PAK4	4.0
BRAF	MAP3K11	1.0
BRAF	KSR2	0.0
BRAF	CAMK2G	8.0
BRAF	CAMK2B	8.0
BRAF	TRIM24	0.0
BRAF	CAMK2D	8.0
BRAF	CSK	0.0
PIK3CB	RET	2.0
PIK3CB	PIP5K1B	7.0
PIK3CB	TEK	4.0
PIK3CB	PIK3CD	92.0
PIK3CB	PIP5K1A	7.0
PIK3CB	YES1	0.0
ARAF	SRC	5.0
ARAF	MARK3	0.0
ARAF	JAK2	2.0
ARAF	KSR1	0.0
ARAF	MAP3K11	1.0
ARAF	KSR2	0.0
ARAF	MAPK3	31.0
ARAF	TRIM24	0.0
ARAF	CSK	0.0
HK2	KHK	1.0
FGFR4	PIK3CB	6.0
FGFR4	PIK3CA	6.0
FGFR4	MAPK1	7.0
FGFR4	MAPK3	7.0
MAP4K2	RIPK1	0.0
PLK1	TTBK2	0.0
PLK1	PRKACA	2.0
PLK1	TAOK1	0.0
PLK1	PLK4	1.0
AXL	KDR	0.0
MAP2K1	MAP3K7	9.0
MAP2K1	PRKCD	7.0
MAP2K1	TYK2	6.0
MAP2K1	PIK3CG	8.0
MAP2K1	TRIM24	0.0
INSR	PDPK1	7.0
INSR	PIK3CA	16.0
INSR	SGK1	4.0
INSR	PRKCZ	4.0
PRKCB	SRC	14.0
PRKCB	PRKCD	7.0
PRKCB	PRKCZ	5.0
PRKCB	PRKCH	2.0
PRKCB	RPS6KB1	11.0
PRKCB	RAF1	35.0
PRKCB	PRKCE	8.0
PRKCB	PRKCQ	4.0
PRKCB	PRKCG	55.0
PRKCB	PTK2B	8.0
CSNK1G1	GSK3B	1.0
CSNK1G1	GSK3A	0.0
SIK2	STK11	0.0
SIK2	STRADB	0.0
SIK2	STRADA	0.0
PRKCE	PRKCH	2.0
PRKCE	PRKCQ	4.0
PRKCE	PRKCG	6.0
PRKACA	TTBK2	0.0
PRKACA	STRADB	0.0
PRKACA	STRADA	0.0
MAP3K11	MARK3	0.0
MAP3K11	MAP4K5	0.0
MAP3K11	RAF1	1.0
MAP3K11	MAPK8	2.0
TAOK2	TAOK3	1.0
BRSK1	STRADB	0.0
BRSK1	STK11	0.0
BRSK1	STRADA	0.0
MAPK7	RET	0.0
MAPK7	VRK3	0.0
GRK2	GRK6	3.0
GRK2	GRK5	3.0
PRKDC	TBK1	0.0
AURKB	CDK1	0.0
AURKB	TAOK1	0.0
AURKB	BUB1	0.0
PAK2	PTK2	5.0
PAK2	PAK4	8.0
PAK2	PAK5	8.0
PAK2	PRKCE	0.0
MET	PIK3CA	14.0
MET	PAK4	5.0
GRK3	GRK6	3.0
GRK3	GRK5	3.0
CSNK1D	CSNK1E	3.0
CSNK1D	TTBK2	0.0
CSNK1D	NEK2	0.0
CSNK1D	RIOK3	0.0
CSNK1D	PRKACA	2.0
CSNK1D	MARK4	0.0
CSNK1D	PLK1	0.0
CSNK1D	RIOK1	0.0
CSNK1D	NME7	0.0
CSNK1D	PLK4	0.0
GSK3B	PDPK1	10.0
GSK3B	RPS6KB1	13.0
GSK3B	PTK2B	3.0
STK11	STK26	0.0
PRKCH	PTK2B	0.0
IP6K2	PPIP5K2	1.0
IP6K2	RNASEL	0.0
IP6K2	PPIP5K1	1.0
IP6K2	IP6K3	1.0
IP6K2	IPMK	1.0
FES	PIK3CA	1.0
FES	TEK	0.0
FES	LIMK1	1.0
EPHB3	PAK3	1.0
EPHB3	EPHB6	1.0
EPHB3	PAK1	1.0
EPHB3	EPHB4	1.0
EPHB3	PAK2	1.0
EPHB3	ROCK1	1.0
MAPK11	MAPK12	52.0
MAPK11	SRC	17.0
MAPK11	MAPK13	52.0
MAPK11	MAPK9	38.0
MAPK11	PAK3	3.0
MAPK11	SYK	7.0
MAPK11	MAPK8	38.0
MAPK11	PAK1	7.0
MAPK11	MAPK3	43.0
MAPK11	PAK2	4.0
MAPK11	RPS6KA4	2.0
MAPK11	YES1	0.0
MAPK11	RIPK2	4.0
STRADA	STRADB	2.0
LIMK1	PAK3	3.0
LIMK1	ROCK2	3.0
EPHA3	SRC	1.0
EPHA3	EPHA7	1.0
EPHA3	EPHA8	1.0
EPHA3	LYN	0.0
EPHA3	EPHB1	1.0
EPHA3	EPHB3	1.0
EPHA3	EPHA4	1.0
EPHA3	HCK	0.0
EPHA3	LCK	0.0
EPHA3	EPHB6	1.0
EPHA3	EPHB4	1.0
EPHA3	EPHA5	1.0
EPHA3	EPHB2	1.0
EPHA3	EPHA6	1.0
EPHA3	FYN	1.0
LCK	PRKCB	2.0
LCK	PDPK1	1.0
LCK	MAP2K1	6.0
LCK	TYK2	3.0
LCK	MAPK9	6.0
LCK	PAK3	1.0
LCK	MAPK8	6.0
LCK	PAK1	2.0
LCK	MAPK11	6.0
LCK	PRKCE	0.0
LCK	PAK2	1.0
FGFR3	SRC	4.0
FGFR3	MAPK1	10.0
FGFR3	FGFR4	8.0
FGFR3	MAPK3	10.0
FGFR3	PTK2B	0.0
LIMK2	ROCK2	2.0
ACVR2B	ACVRL1	1.0
PTK2	RPS6KB1	8.0
PTK2	ROCK2	10.0
PTK2	TRIM28	0.0
PTK2	PTK2B	5.0
ERBB4	PRKCB	4.0
ERBB4	PRKCA	5.0
ERBB4	JAK2	1.0
ERBB4	MAPK1	4.0
ERBB4	MAPK3	4.0
JAK1	PRKCB	5.0
JAK1	PRKCD	1.0
JAK1	MAP2K1	13.0
JAK1	LCK	5.0
JAK1	MAP2K6	7.0
JAK1	MAPK1	20.0
JAK1	MAPK8	14.0
JAK1	MAP2K2	11.0
JAK1	MAPK11	13.0
JAK1	PRKCE	0.0
JAK1	PTK2B	2.0
PKN1	PKN3	1.0
PKN1	PKN2	3.0
PKN1	PRKACG	0.0
PKN1	PRKACB	0.0
PKN1	PRKCE	0.0
ATR	CDK7	1.0
ATR	CDK12	0.0
ATR	PLK3	0.0
PDPK1	TRIB3	1.0
PDPK1	PKN3	1.0
PDPK1	TGFBR2	1.0
PDPK1	TGFBR1	1.0
PDPK1	RPS6KA6	3.0
PDPK1	RIPK2	1.0
MAP2K3	MAPK8	12.0
MAP2K3	MAP3K1	4.0
MAP2K3	MAP3K7	8.0
MAP2K3	MAP3K11	1.0
MAP2K3	SRC	5.0
MAP2K3	RIPK1	4.0
MAP2K3	PAK1	2.0
MAP2K3	MAPK13	17.0
MAP2K3	MAPK9	12.0
MAP2K3	MAPK10	12.0
MAP2K3	TAOK3	1.0
MAP2K3	MAPK1	13.0
MAP2K3	TNIK	0.0
MAP2K3	MINK1	0.0
MAP2K3	PTK2B	4.0
MAP2K3	RIPK2	0.0
MAP2K3	MAP4K4	1.0
MAP2K3	TAOK1	1.0
MAP2K3	MAP3K10	0.0
PRKAA1	STRADB	2.0
PRKAA1	STRADA	2.0
FYN	MAPK12	6.0
FYN	PDPK1	4.0
FYN	GSK3B	3.0
FYN	MAPK13	6.0
FYN	MAPK1	13.0
FYN	PRKACA	3.0
FYN	PIP5K1C	2.0
FYN	MAPK8	6.0
FYN	JAK3	0.0
FYN	PRKACG	3.0
FYN	MAP3K11	0.0
FYN	PIK3CG	3.0
FYN	MAPK3	13.0
FYN	MAP2K7	3.0
FYN	PRKACB	3.0
FYN	MAPK11	6.0
AK2	DCK	1.0
PIP4K2C	PIP5K1C	3.0
AGK	SRC	0.0
AGK	MAP2K2	0.0
AGK	BRAF	0.0
AGK	KSR2	0.0
AGK	MAP2K1	0.0
AGK	MARK3	0.0
AGK	ARAF	0.0
AGK	RAF1	0.0
AGK	JAK2	0.0
AGK	KSR1	0.0
AGK	MAPK3	0.0
AGK	TRIM24	0.0
AGK	CSK	0.0
AGK	MAPK1	0.0
PIK3R4	PRKAA1	2.0
PIK3R4	ULK1	1.0
PIK3R4	PRKAA2	2.0
PIK3R4	PIKFYVE	0.0
BMX	LCK	0.0
BMX	TEK	0.0
BMX	FYN	0.0
BMX	YES1	0.0
EPHB4	PIK3CA	1.0
EPHB4	PAK3	1.0
EPHB4	EPHB6	1.0
EPHB4	PAK1	1.0
EPHB4	PAK2	1.0
EPHB4	FYN	1.0
EPHA2	SRC	2.0
EPHA2	PIK3CA	4.0
EPHA2	EPHA8	1.0
EPHA2	LYN	0.0
EPHA2	EPHB1	1.0
EPHA2	EPHB3	1.0
EPHA2	EPHA4	1.0
EPHA2	HCK	0.0
EPHA2	LCK	0.0
EPHA2	EPHB6	1.0
EPHA2	EPHB4	1.0
EPHA2	EPHA3	1.0
EPHA2	EPHA5	1.0
EPHA2	EPHB2	1.0
EPHA2	EPHA6	1.0
EPHA2	FYN	1.0
EPHA2	YES1	0.0
EPHA2	FGR	0.0
MAP3K5	MAP4K1	1.0
MAP3K5	MAP4K5	0.0
MAP3K5	TNIK	0.0
MAP3K5	MINK1	0.0
PIK3CG	PIP5K1C	2.0
PIK3CG	SYK	4.0
PIK3CG	PIKFYVE	1.0
MAPK10	MAPK14	38.0
MAPK10	MAPK9	61.0
MAPK10	MAPK8	61.0
MAPK10	ROR2	1.0
MAPK10	PRKCZ	8.0
MAPK10	MAPK3	45.0
MAPK10	MAPK11	38.0
MYLK	PTK2	2.0
PAK3	PTK2	5.0
PAK3	PAK4	8.0
PAK3	PAK5	8.0
NTRK3	PIK3CA	2.0
MTOR	PIK3CA	36.0
MTOR	PRKAA1	11.0
MTOR	ULK2	3.0
MTOR	PRKAA2	11.0
MAP3K3	MAPK14	4.0
MAP3K3	MAP4K3	1.0
MAP3K3	MAPK11	4.0
MAP3K3	MAP4K4	1.0
NEK2	TTBK2	0.0
NEK2	PRKACA	0.0
NEK2	PLK1	0.0
NEK2	NME7	0.0
NEK2	PLK4	0.0
MAPK1	MAPK13	43.0
MAPK1	MAPK9	45.0
MAPK1	MAPK10	45.0
MAPK1	MAPK11	43.0
NME7	PLK1	0.0
NME7	PRKACA	0.0
NME7	PLK4	0.0
SGK1	SRC	0.0
PIP5K1A	PIP5K1B	8.0
PIP5K1A	ROCK2	2.0
PIP5K1A	ROCK1	2.0
EPHA7	SRC	1.0
EPHA7	EPHA8	1.0
EPHA7	LYN	0.0
EPHA7	EPHB1	1.0
EPHA7	EPHB3	1.0
EPHA7	EPHB6	1.0
EPHA7	EPHB4	1.0
EPHA7	EPHB2	1.0
EPHA7	FYN	1.0
MAP3K7	MAPK12	17.0
MAP3K7	MAP4K5	0.0
MAP3K7	MAPK14	17.0
MAP3K7	MAPK11	17.0
IRAK1	MAP2K3	7.0
IRAK1	MAP2K4	6.0
IRAK1	MAP2K6	7.0
IRAK1	MAP3K3	2.0
IRAK1	MAP2K7	7.0
CHUK	RPS6KA1	3.0
CHUK	PDPK1	7.0
CHUK	IRAK2	0.0
CHUK	IRAK4	14.0
CHUK	NTRK1	5.0
CHUK	PRKCZ	3.0
CHUK	RIPK3	3.0
CHUK	PRKCE	1.0
CHUK	MAP4K4	1.0
PKN2	PKN3	1.0
PRKACB	RET	1.0
PRKACB	PTK2	7.0
PRKACB	PRKCE	5.0
ROR1	ROR2	1.0
PRKAA2	STRADB	2.0
PRKAA2	STRADA	2.0
BMPR1A	MAP3K7	1.0
ABL1	MAPK12	3.0
ABL1	LYN	1.0
ABL1	LCK	0.0
ABL1	MAP2K6	0.0
ABL1	BLK	0.0
ABL1	MAPK8	6.0
ABL1	CDK2	2.0
ABL1	CDK4	3.0
ABL1	MAPK11	3.0
ABL1	CDK6	4.0
ABL1	FGR	0.0
EPHA10	EPHA7	0.0
EPHA10	EPHA8	0.0
EPHA10	EPHB1	0.0
EPHA10	EPHB3	0.0
EPHA10	EPHA4	0.0
EPHA10	EPHB6	0.0
EPHA10	EPHB4	0.0
EPHA10	EPHA3	0.0
EPHA10	EPHA5	0.0
EPHA10	EPHB2	0.0
EPHA10	EPHA6	0.0
EPHA10	EPHA2	0.0
AK1	DCK	1.0
SRC	ZAP70	1.0
SRC	TRIM24	0.0
IPMK	PPIP5K2	1.0
IPMK	PPIP5K1	1.0
FGR	ZAP70	0.0
FGR	PRKCD	1.0
FGR	LYN	1.0
FGR	MAPK11	0.0
FGR	PDGFRB	0.0
FGR	ITK	1.0
FGR	FYN	0.0
FGR	YES1	0.0
FGR	PTK2B	1.0
MUSK	SRC	0.0
MUSK	PTK2	0.0
MUSK	PAK3	0.0
MUSK	PAK4	0.0
MUSK	PAK1	0.0
MUSK	PAK5	0.0
MUSK	PAK2	0.0
MUSK	PTK2B	0.0
EPHB2	MAP3K7	0.0
EPHB2	PIK3CA	1.0
EPHB2	LYN	0.0
EPHB2	EPHB3	1.0
EPHB2	PAK3	1.0
EPHB2	EPHB6	1.0
EPHB2	PAK1	1.0
EPHB2	EPHB4	1.0
EPHB2	PAK2	1.0
EPHB2	FYN	1.0
EPHB2	MAP4K4	0.0
SIK3	STK11	0.0
SIK3	STRADB	0.0
SIK3	STRADA	0.0
SYK	ZAP70	2.0
SYK	TXK	0.0
SYK	YES1	0.0
PIP4K2A	PIP5K1C	3.0
PRKACG	RET	1.0
PRKACG	PTK2	7.0
PRKACG	PRKCE	5.0
PIK3CD	RET	2.0
PIK3CD	PIP5K1B	7.0
PIK3CD	YES1	0.0
PAK5	SRC	4.0
PAK5	PTK2	5.0
PRKCZ	TGFBR2	4.0
PRKCZ	TGFBR1	4.0
PRKCZ	ROCK1	5.0
RPS6KA3	RPS6KA5	2.0
RPS6KA3	RPS6KA6	9.0
RPS6KA3	RPS6KA4	1.0
RIOK1	RIOK2	1.0
RIOK1	RIOK3	0.0
CDK14	CDK9	1.0
CDK14	CDK2	0.0
CDK14	CDK4	0.0
TEC	TXK	0.0
JAK2	SRC	6.0
JAK2	PRKCD	2.0
JAK2	MAP2K1	11.0
JAK2	MARK3	0.0
JAK2	KSR1	1.0
JAK2	PRKACA	4.0
JAK2	PRKACG	4.0
JAK2	MAP3K1	2.0
JAK2	MAP2K2	9.0
JAK2	PIK3CG	5.0
JAK2	PRKACB	4.0
JAK2	TRIM24	0.0
BRSK2	STRADB	0.0
BRSK2	STK11	0.0
BRSK2	STRADA	0.0
ACVRL1	BMPR2	1.0
EPHA6	EPHA7	1.0
EPHA6	EPHA8	1.0
EPHA6	LYN	0.0
EPHA6	EPHB1	1.0
EPHA6	EPHB3	1.0
EPHA6	HCK	0.0
EPHA6	LCK	0.0
EPHA6	EPHB6	1.0
EPHA6	EPHB4	1.0
EPHA6	EPHB2	1.0
EPHA6	YES1	0.0
AKT2	PIK3CA	79.0
AKT2	GSK3A	4.0
AKT2	LYN	7.0
AKT2	LCK	5.0
AKT2	AKT3	88.0
AKT2	INSR	16.0
AKT2	MAP3K14	8.0
AKT2	RPS6KB2	26.0
AKT2	MTOR	36.0
AKT2	FYN	8.0
AKT2	YES1	0.0
MAP3K4	PAK1	1.0
MAP3K4	PAK2	1.0
GRK5	GRK6	3.0
STK26	STRADB	0.0
STK26	STRADA	0.0
PRKCD	PRKCG	3.0
PRKCD	PRKCE	7.0
PRKCD	YES1	0.0
CDK1	CSNK1E	0.0
CDK1	CDK11A	0.0
CDK1	TTBK2	0.0
CDK1	CDK8	0.0
CDK1	CDK14	0.0
CDK1	NEK2	0.0
CDK1	PRKACA	4.0
CDK1	MARK4	0.0
CDK1	TAOK1	0.0
CDK1	CDK9	0.0
CDK1	PI4KA	0.0
CDK1	PRKACG	4.0
CDK1	PKN1	0.0
CDK1	CDK2	6.0
CDK1	CDK4	4.0
CDK1	PLK1	3.0
CDK1	PRKACB	4.0
CDK1	NME7	0.0
CDK1	CDK5	0.0
CDK1	PRKCE	0.0
CDK1	CSNK1D	1.0
CDK1	PLK4	0.0
MAPK8	PRKCB	17.0
MAPK8	SRC	16.0
MAPK8	RET	1.0
MAPK8	MET	5.0
MAPK8	PRKCQ	8.0
MAPK8	ROR2	1.0
MAPK8	PAK1	10.0
MAPK8	PRKCZ	8.0
MAPK8	TEK	2.0
MAPK8	PTK2B	4.0
CAMK2B	SRC	7.0
CAMK2B	MAP2K3	2.0
CAMK2B	CAMKK1	0.0
CAMK2B	CAMKK2	1.0
CAMK2B	PTK2B	2.0
CAMK2B	MYLK	3.0
CSNK1E	RIOK2	0.0
CSNK1E	TTBK2	0.0
CSNK1E	NEK2	0.0
CSNK1E	RIOK3	0.0
CSNK1E	PRKACA	2.0
CSNK1E	MARK4	0.0
CSNK1E	PLK1	1.0
CSNK1E	RIOK1	0.0
CSNK1E	NME7	0.0
CSNK1E	PLK4	1.0
PTK2B	ROCK2	4.0
PTK2B	YES1	0.0
PTK2B	ROCK1	4.0
MAP2K7	MAPK12	15.0
MAP2K7	MAP3K13	1.0
MAP2K7	MAP3K3	3.0
MAP2K7	RIPK1	4.0
MAP2K7	PAK1	4.0
MAP2K7	MAPK13	15.0
MAP2K7	MAPK14	15.0
MAP2K7	MAPK11	15.0
MAP2K7	PAK2	4.0
MAP2K7	MAP3K8	4.0
MAP2K7	RIPK2	1.0
EPHB1	MAP3K7	0.0
EPHB1	PTK2	1.0
EPHB1	PIK3CA	1.0
EPHB1	LYN	0.0
EPHB1	EPHB3	1.0
EPHB1	LCK	0.0
EPHB1	PAK3	1.0
EPHB1	EPHB6	1.0
EPHB1	PAK1	1.0
EPHB1	EPHB4	1.0
EPHB1	EPHB2	1.0
EPHB1	PAK2	1.0
EPHB1	YES1	0.0
CAMK2A	NLK	1.0
KSR1	SRC	2.0
KSR1	MAP3K11	0.0
KSR1	KSR2	1.0
KSR1	TRIM24	0.0
MAP3K1	MAP4K5	0.0
MAP3K1	NRK	0.0
MAP3K1	MAPK14	6.0
MAP3K1	TNIK	0.0
MAP3K1	MAPK10	8.0
MAP3K1	MAPK11	6.0
MAP3K1	PAK2	1.0
MAP3K1	MAP4K4	1.0
ROCK1	ROCK2	19.0
MAPK4	PAK3	0.0
MAPK4	PAK1	0.0
MAPK4	MAPK6	1.0
MAPK4	PAK2	0.0
CDK11A	CSNK1E	0.0
CDK11A	NEK2	0.0
CDK11A	PRKACA	0.0
CDK11A	PLK1	0.0
CDK11A	CSNK1D	0.0
CDK11A	PLK4	0.0
MARK2	STRADB	0.0
MARK2	STK11	0.0
MARK2	STRADA	0.0
AAK1	EGFR	0.0
AAK1	PIK3C2A	0.0
AAK1	GAK	0.0
MAP3K2	MAP4K3	1.0
MAP3K2	MAP4K4	1.0
KSR2	SRC	0.0
KSR2	MARK3	0.0
KSR2	TRIM24	0.0
JAK3	PRKCB	4.0
JAK3	MAPK1	10.0
JAK3	MAPK8	8.0
JAK3	MAP2K2	6.0
JAK3	PRKCZ	1.0
JAK3	MAPK11	5.0
JAK3	PRKCE	0.0
CDC7	CHEK1	1.0
FGFR1	TRIM24	0.0
MAPK9	ROR2	1.0
MAPK3	MAPK9	45.0
ITK	ZAP70	1.0
ITK	LYN	1.0
ITK	SYK	0.0
ITK	TXK	1.0
ITK	YES1	0.0
IP6K3	PPIP5K2	1.0
IP6K3	PPIP5K1	1.0
IP6K3	IPMK	1.0
CDK12	CDK7	0.0
CDK12	CHEK1	0.0
CDK12	CDK9	0.0
PPIP5K1	PPIP5K2	1.0
HK1	KHK	1.0
PRKCA	PRKCD	5.0
PRKCA	RPS6KB1	11.0
PRKCA	PRKCQ	2.0
PRKCA	PTK2B	8.0
FGFR2	PIK3CA	9.0
FGFR2	MAPK1	10.0
FGFR2	FGFR4	8.0
FGFR2	MAPK3	10.0
MAP2K4	MAP3K11	1.0
MAP2K4	RIPK1	3.0
MAP2K4	PAK1	3.0
MAP2K4	MAP3K9	0.0
MAP2K4	MAPK13	14.0
MAP2K4	MAPK11	14.0
MAP2K4	TNIK	0.0
MAP2K4	PAK2	2.0
MAP2K4	MINK1	0.0
MAP2K4	RIPK2	0.0
MAP2K4	MAP4K4	1.0
MAP2K4	ROCK1	1.0
MARK3	SRC	0.0
MARK3	TRIM24	0.0
CDK5	GSK3B	2.0
CDK5	EPHA3	1.0
CDK5	CDK8	0.0
CDK5	CDK6	0.0
CDK5	EPHA4	1.0
CDK5	EPHA6	1.0
PDK2	PRKCB	0.0
PDK2	RPS6KB1	0.0
PDK2	PRKCA	0.0
CSNK1A1	GSK3B	6.0
CSNK1A1	MAP3K1	0.0
RPS6KA2	RPS6KA5	2.0
LYN	ZAP70	1.0
LYN	PIK3CB	8.0
LYN	PIK3CA	8.0
LYN	MAPK14	6.0
LYN	MAPK8	5.0
LYN	TXK	0.0
LYN	MAPK11	6.0
LYN	PDGFRB	0.0
LYN	PIK3CD	8.0
LYN	YES1	0.0
IKBKB	RPS6KA1	5.0
IKBKB	PDPK1	10.0
IKBKB	IRAK4	15.0
IKBKB	NTRK1	6.0
IKBKB	RIPK3	3.0
IKBKB	PRKCE	4.0
NTRK1	PRKCI	0.0
NTRK1	PRKCZ	0.0
NTRK1	NTRK2	4.0
RPS6KA1	RPS6KA6	9.0
LATS1	STK3	2.0
PTK6	SRMS	0.0
ACVR1B	ACVR2B	3.0
ACVR1B	ACVR1C	3.0
HCK	PRKCD	2.0
HCK	LYN	4.0
HCK	MAPK11	2.0
HCK	ITK	1.0
HCK	YES1	0.0
MAP3K12	PAK1	1.0
MAP3K12	MAPK11	1.0
MAP3K12	PAK2	1.0
MAPKAPK5	PRKACB	1.0
MAPKAPK5	PRKACG	1.0
MAPKAPK5	PRKACA	1.0
AKT1	LYN	7.0
AKT1	LCK	5.0
AKT1	AKT3	88.0
AKT1	INSR	16.0
AKT1	MAP3K14	8.0
AKT1	PDGFRB	14.0
AKT1	FYN	8.0
AKT1	YES1	0.0
PIP5K1C	ROCK2	3.0
PIP5K1C	ROCK1	3.0
MAP2K6	MAPK8	15.0
MAP2K6	MAP3K11	1.0
MAP2K6	PIP4K2C	0.0
MAP2K6	RIPK1	5.0
MAP2K6	PAK1	2.0
MAP2K6	MAP3K9	0.0
MAP2K6	MAPK3	16.0
MAP2K6	MAPK9	15.0
MAP2K6	MAPK10	15.0
MAP2K6	TNIK	0.0
MAP2K6	PRKACA	5.0
MAP2K6	MINK1	0.0
MAP2K6	RIPK2	0.0
MAP2K6	MAP4K4	1.0
MAP2K6	MAP3K10	0.0
MAP2K6	MAPK7	3.0
PAK4	PTK2	5.0
PAK4	RAF1	9.0
PAK4	PRKCE	1.0
FRK	PRKCD	0.0
FRK	MAPK1	0.0
FRK	PDXK	0.0
EPHA5	EPHA8	1.0
EPHA5	LYN	0.0
EPHA5	EPHB1	1.0
EPHA5	EPHB3	1.0
EPHA5	LCK	0.0
EPHA5	EPHB6	1.0
EPHA5	EPHB4	1.0
EPHA5	EPHB2	1.0
EPHA5	EPHA6	1.0
EPHA5	YES1	0.0
EPHB6	PAK3	1.0
EPHB6	PAK1	1.0
EPHB6	PAK2	1.0
EPHB6	FYN	1.0
IP6K1	PPIP5K2	1.0
IP6K1	PPIP5K1	1.0
IP6K1	IP6K3	1.0
IP6K1	IPMK	1.0
IP6K1	IP6K2	1.0
PIP4K2B	PIP5K1B	3.0
PIP4K2B	PIP5K1C	3.0
PIP4K2B	PIP5K1A	3.0
MAP3K14	MAP3K5	3.0
MAP3K14	MAPK1	7.0
BTK	PIK3CA	5.0
BTK	MAPK8	3.0
BTK	TXK	0.0
BTK	PIK3CD	5.0
BTK	YES1	0.0
EIF2AK2	IKBKB	7.0
MAP2K1	MAP3K4	2.0
MAPK1	NTRK3	2.0
AKT3	PRKCD	9.0
DAPK3	MET	1.0
MAPK1	RET	3.0
MAPK14	RET	0.0
BMX	ITK	0.0
PRKD1	SRC	1.0
BMX	BTK	0.0
BMX	TEC	0.0
MAP4K1	SYK	0.0
TEK	TIE1	0.0
EEF2K	MAPK14	0.0
EEF2K	PRKAA2	2.0
BMPR2	LIMK1	1.0
MYLK	PRKG2	2.0
AMHR2	BMPR1B	2.0
EEF2K	MAPK8	0.0
EEF2K	PRKACA	1.0
EEF2K	MAPK3	1.0
EEF2K	MAPK12	0.0
EEF2K	PRKAA1	2.0
EEF2K	MAPK9	0.0
EEF2K	MAPK11	0.0
MAP2K7	TRIB1	0.0
CDK7	NEK6	0.0
GSK3A	SGK3	0.0
TRPM6	TRPM7	1.0
CAMK2A	DAPK2	1.0
MARK1	TAOK1	0.0
EEF2K	MAPKAPK5	0.0
EEF2K	MAPK1	1.0
CSNK2A2	MAPK14	1.0
CAMK1D	CAMKK1	0.0
AKT1	MAPK1	72.0
FGFR1	RPS6KA5	2.0
DYRK1B	MAP2K3	0.0
MAP2K1	PLK3	1.0
MAPK1	PLK3	3.0
BMX	KDR	0.0
FLT1	PTK2B	0.0
PDPK1	PTK2B	0.0
BTK	KIT	0.0
PIP5K1A	TEC	0.0
MAP3K2	WNK1	0.0
FYN	PRKCE	1.0
SNRK	STK11	0.0
EPHA4	FGFR4	0.0
KSR1	NME1	0.0
EPHA3	PIM1	0.0
EPHB2	KSR1	0.0
INSR	RAF1	9.0
INSR	PRKCA	8.0
ABL2	EPHB2	0.0
AKT1	CAMKK1	0.0
CSF1R	LYN	0.0
CSK	ERBB3	0.0
ACVR1B	BMPR2	3.0
ABL2	JAK1	0.0
AATK	STK39	0.0
CAMKK2	SGK1	0.0
MAP2K4	MAP4K2	1.0
CAMKK2	PRKACA	4.0
IKBKB	PRKDC	0.0
AKT2	PRKDC	0.0
RPS6KB1	SRC	4.0
RPS6KB1	SYK	2.0
RPS6KB2	SRC	4.0
RPS6KB2	SYK	2.0
CSNK2A1	MAPK14	1.0
GSK3B	PRKCA	13.0
LTK	RAF1	0.0
MAPK8	PDPK1	12.0
MAPK14	TGFBR1	9.0
ACVR1	TGFBR2	2.0
MARK1	MARK2	0.0
MAP3K7	VRK2	0.0
MAPK8	VRK2	0.0
MAP2K7	VRK2	0.0
FGFR1	MAP3K7	2.0
FGFR1	MAP3K3	1.0
FGFR1	MAP3K1	1.0
JAK1	PRKCA	5.0
LIMK1	PRKACA	0.0
LIMK1	MAPK1	5.0
EPHB2	MAPK14	0.0
RPS6KA2	SYK	0.0
MAP4K4	SGK3	0.0
HIPK1	IGF1R	0.0
MAP4K4	PIK3CB	0.0
CHEK1	NEK9	0.0
CSNK1D	ULK2	0.0
PGK1	PIK3C2A	0.0
PLK1	ULK2	0.0
MAPK3	ULK2	2.0
MAST3	PRKAA2	0.0
PIK3CG	PRKAA2	3.0
PRKAA1	ULK2	2.0
MAP3K6	PRKAA2	0.0
KSR1	VRK2	0.0
MAP3K5	PRKAA2	4.0
CSK	ERBB2	0.0
DYRK1A	MAP3K1	0.0
HIPK2	MAP3K1	0.0
DYRK1B	MAP3K1	0.0
EPHA2	GRK2	0.0
MAP3K20	RPS6KA5	1.0
NUAK1	PRKAA1	0.0
MARK3	PRKAA1	0.0
MARK1	PRKAA1	0.0
PRKDC	RYK	0.0
MAPK1	RYK	1.0
MAPK3	RYK	1.0
MARK2	PRKAA1	0.0
NUAK2	PRKAA1	0.0
TRIM28	WNK1	0.0
EPHA4	RYK	1.0
ERBB2	IGF1R	9.0
PTK7	RYK	0.0
AGK	RYK	0.0
DDR1	MAPK6	0.0
BMPR2	MAPK8	1.0
FGFR1	MAPK1	14.0
FASTKD5	IRAK2	0.0
CDK16	CDK5	0.0
FGFR1	MAPK3	14.0
BRD2	BRD4	0.0
RIPK1	RIPK2	2.0
NPR1	PRKG1	4.0
CDK7	PRKCI	0.0
CDK1	PRKCB	2.0
CDK1	RYK	0.0
COQ8A	IRAK2	0.0
COQ8A	IRAK1	0.0
EGFR	ROS1	0.0
ARAF	IRAK2	0.0
BRD3	BRD4	0.0
CDC42BPG	TBK1	0.0
AK1	BRD4	0.0
CDK3	EIF2AK2	0.0
NEK9	TTN	0.0
LRRK2	PAK1	0.0
CDC7	ICK	0.0
KIT	PDGFRA	7.0
MARK2	PRKCE	0.0
MAP2K4	MAP2K6	11.0
MAP2K3	MAP3K2	2.0
AKT2	CHEK1	3.0
DYRK1A	LATS2	0.0
CHUK	CSNK2A1	3.0
SRC	TBK1	7.0
ALK	TNK2	0.0
ATM	MAP3K7	3.0
FGFR2	LYN	0.0
FGFR2	FYN	0.0
SGK1	WNK2	0.0
FRK	FYN	0.0
CHEK2	DAPK3	0.0
MAP2K2	MAPK8	25.0
MAP2K1	MAPK8	30.0
AURKB	LATS1	0.0
CDK2	CDK20	0.0
BUB1B	PLK3	0.0
MAPK1	SYK	12.0
LYN	TNK2	0.0
GSK3B	STK11	2.0
CDK2	TTK	1.0
AURKA	PLK3	0.0
FGFR1	PAK2	3.0
AKT2	GRK5	1.0
CDK15	CDK9	0.0
DYRK1A	PRKACB	0.0
CDK3	STK4	0.0
DYRK1A	PRKACA	0.0
DAPK1	PKM	0.0
MAPK12	PRPF4B	0.0
MASTL	RPS6KA1	0.0
CLK4	SRPK1	0.0
CDK3	STK3	0.0
CAMK1	CDK14	0.0
CDK18	CDK5	0.0
FLT1	SRPK1	0.0
CDK7	SRPK1	0.0
PAK4	SRPK1	0.0
CHEK2	SRPK1	0.0
CDK12	CDK20	0.0
FASTKD5	MAPK4	0.0
MAPK14	SRPK1	0.0
ARAF	HIPK4	0.0
MAPK12	MAPK15	1.0
CLK1	SRPK2	0.0
PRKAA1	SRPK2	0.0
CDK13	CDK4	0.0
PRPF4B	SRPK2	0.0
MAPKAPK5	SRPK2	0.0
AURKA	SRPK1	0.0
PRPF4B	SRPK3	0.0
RPS6KB2	SRPK1	0.0
CDK13	CDK2	0.0
CDK7	SRPK2	0.0
CDK3	CDK5	0.0
CASK	SRPK2	0.0
CHUK	SRPK2	0.0
EEF2K	ILK	0.0
CSK	PRKAA1	0.0
CSK	PRKCD	0.0
CSK	STK24	0.0
ATR	EGFR	1.0
GRK2	STK4	0.0
AURKB	ILK	0.0
FGFR1	GRK2	0.0
CSNK2A1	STK26	0.0
FGFR1	STK26	0.0
FGFR1	OXSR1	0.0
PRKCD	STK26	0.0
FGFR1	PRKACA	6.0
AURKA	STK3	0.0
ALK	PRKAA1	0.0
CDK4	MAPK14	6.0
COQ8B	ILK	0.0
CAMK1	CDK9	0.0
MAPK11	PKN1	3.0
PAK1	PHKG2	0.0
FASTKD5	ILK	0.0
CDK12	CDK13	0.0
GSK3A	PRKCH	0.0
CHEK2	PRKDC	1.0
AURKA	EEF2K	0.0
FGFR1	RIOK2	0.0
MAP3K10	MAPK1	0.0
LRRK1	PAK1	0.0
FGFR1	STK24	0.0
MAP3K7	SYK	4.0
GSK3B	PRKDC	1.0
GSK3A	PRKDC	0.0
PHKG1	RPS6KA1	0.0
FGFR1	PBK	0.0
CSNK2A1	PBK	0.0
GRK2	RIOK2	0.0
FGFR1	PRKAA1	2.0
LATS1	NUAK2	0.0
PRKACB	TP53RK	0.0
PRKDC	TP53RK	0.0
MAP3K10	MAPK14	0.0
NEK9	PAK1	0.0
GSK3B	PBK	0.0
PRKDC	RIOK2	0.0
PAK2	RIOK2	0.0
PAK1	RIOK2	0.0
FGFR1	MAPK14	5.0
PKM	RIOK2	0.0
FGFR1	STK4	3.0
ARAF	ILK	1.0
ALK	ILK	0.0
CSK	STK4	0.0
PRKDC	STK25	0.0
CDK9	STK4	0.0
PKM	PRKCD	1.0
PKM	STK25	0.0
GSK3B	RPS6KA1	4.0
EIF2AK2	VRK1	0.0
CHEK1	EEF2K	0.0
CSNK1E	EEF2K	0.0
KIT	TXK	0.0
KDR	PKM	0.0
FLT4	PKM	0.0
PKM	RPS6KA2	0.0
AURKB	STK4	0.0
FGR	MET	0.0
PKM	PRKG2	0.0
GAK	LRRK1	0.0
EPHA8	LRRK1	0.0
PKM	PRKAA2	1.0
PKM	PRKD3	0.0
LRRK2	PRKACA	1.0
MST1R	PKM	0.0
LRRK2	STK33	0.0
BTK	MET	0.0
ABL2	KIT	1.0
HCK	MET	0.0
CAMK2G	LRRK2	0.0
LRRK2	MKNK2	0.0
FLT4	LRRK1	0.0
PAK2	PKM	0.0
PKM	PRKCE	1.0
PKM	PRKD1	0.0
PAK6	PKM	0.0
CDK2	LRRK2	0.0
PKM	RPS6KA5	0.0
FES	MET	1.0
PKM	RPS6KA3	0.0
PKM	SYK	1.0
MET	TEC	0.0
MET	TXK	0.0
FLT1	PKM	0.0
AURKB	STK3	0.0
LRRK2	TRIB2	0.0
AKT2	LRRK2	0.0
PKM	PTK2	1.0
PAK5	PKM	0.0
HK1	LRRK2	0.0
FGR	KIT	0.0
ABL2	LRRK2	0.0
CAMK1D	LRRK2	0.0
MET	PTK6	0.0
ABL2	MET	1.0
MATK	MET	0.0
PDGFRA	PKM	1.0
PKM	PRKCQ	0.0
ITK	MET	0.0
COQ8A	LRRK2	0.0
EPHA1	MAP3K1	0.0
AKT2	EGFR	31.0
INSR	MOK	0.0
MAPK12	SRPK3	0.0
MAP3K2	MAPK7	3.0
EPHB1	PRKCG	0.0
EPHA4	RIPK3	0.0
IKBKB	ROCK1	7.0
CDK13	SRPK2	0.0
CDK5	EGFR	0.0
JAK3	KIT	2.0
CSNK1A1	EGFR	4.0
CSNK2A1	EGFR	2.0
CSNK2A1	MAST3	0.0
ACVR1B	TGFBR2	2.0
ACVR2A	TGFBR2	2.0
ACVR2B	TGFBR2	2.0
AKT1	MAPK9	42.0
CDK20	CDK5	0.0
CDK14	CDK5	0.0
CSNK1G2	MAPK14	0.0
CDK20	CDK7	0.0
PKN3	TGFBR2	0.0
BMPR1A	TGFBR2	3.0
TRIM28	TYK2	0.0
CSNK1A1	SIK2	0.0
PKN2	TGFBR2	0.0
PIK3CB	TGFBR2	14.0
CDK4	LIMK2	0.0
AKT2	CDK3	0.0
NME3	RPS6KB2	0.0
CSNK1E	MAPK9	2.0
PAK2	PLK2	0.0
STK40	TRIB3	0.0
NEK6	TNK2	0.0
JAK1	TGFBR2	6.0
CDK15	CDK18	0.0
AKT1	MAPK8	42.0
COQ8A	EGFR	0.0
ERBB2	TGFBR2	5.0
CDK16	CDK8	0.0
FGFR1	TGFBR2	3.0
BLK	CAMK1	0.0
DAPK3	ULK1	1.0
ILK	MTOR	1.0
CSNK1E	LRRK2	0.0
MAP2K1	TGFBR2	13.0
CDK8	PRKDC	0.0
MAPK3	STK11	4.0
ILK	STK4	0.0
CDK8	ERBB2	0.0
BMPR1A	CDK8	0.0
AURKA	CDK8	0.0
BUB1	MAP2K1	2.0
AURKA	MAPK3	2.0
CSNK1G3	LRRK2	0.0
MAP2K4	STK4	1.0
PAK3	STK4	1.0
CSNK1D	LRRK2	0.0
BMPR1A	MAP2K1	1.0
CHEK2	MAPK1	2.0
MARK2	NTRK1	0.0
CDK12	CLK1	0.0
GAK	NTRK1	0.0
MAP3K3	MTOR	1.0
ACVR1B	NTRK1	0.0
ABL2	NTRK1	1.0
CDK10	PRKD2	0.0
CDK18	MASTL	0.0
GRK3	NTRK1	0.0
AK2	NTRK1	0.0
BUB1	CDK2	3.0
CDK1	NTRK1	0.0
CHEK1	MAPK1	4.0
DYRK1A	NTRK1	0.0
SRC	SRPK2	0.0
EPHA2	NTRK1	3.0
EGFR	NTRK1	5.0
GAK	PHKG2	0.0
CDK6	NTRK1	2.0
CDK4	NTRK1	2.0
CDK2	NTRK1	2.0
CSNK2A2	NTRK1	0.0
CSNK2A1	NTRK1	0.0
CSNK1A1	NTRK1	0.0
CSNK1E	NTRK1	0.0
DCK	NTRK1	0.0
FASTKD5	NTRK1	0.0
CDK16	CDK2	0.0
IP6K3	MAPK3	0.0
CHEK2	MAPK3	2.0
FASTKD5	MASTL	0.0
AAK1	NTRK1	0.0
MKNK1	PDK1	1.0
FGFR3	SRPK2	0.0
NRBP2	PDK1	0.0
ERBB3	SRPK2	0.0
GSK3B	MAP2K7	5.0
BMP2K	CDK2	0.0
MAST2	SRPK2	0.0
CSNK1E	JAK3	0.0
MAP4K5	NTRK1	0.0
CLK4	PIM2	0.0
AGK	NTRK1	0.0
MAPK7	PRKCA	5.0
BMP2K	GAK	0.0
NEK8	NEK9	0.0
BRD3	NTRK1	0.0
MASTL	PRKCI	0.0
ARAF	JAK3	3.0
MAP4K4	NTRK1	1.0
CDC42BPB	NTRK1	0.0
IKBKB	STK26	0.0
CDC42BPA	NTRK1	0.0
MAP4K3	NTRK1	1.0
FGFR1	NTRK1	5.0
CDK13	NTRK1	0.0
CASK	NTRK1	0.0
MST1R	PLK1	0.0
PGK1	PKM	1.0
PFKM	PKM	3.0
CDK12	MAP4K4	0.0
EIF2AK2	NTRK1	0.0
MAPK7	NTRK1	2.0
NEK9	NTRK1	0.0
ADCK1	MKNK2	0.0
JAK1	NTRK1	2.0
INSR	NTRK1	3.0
IGF1R	NTRK1	5.0
OXSR1	PFKP	0.0
PDK1	TNK2	0.0
RIPK3	SRPK2	0.0
CHEK2	SRPK2	0.0
CSNK2A2	MAPK8	3.0
MAP3K20	SRPK2	0.0
CDK12	SRPK2	0.0
HK1	NTRK1	1.0
HK2	NTRK1	1.0
DDR2	NTRK1	0.0
MAPK3	SRPK2	0.0
SBK1	SRPK2	0.0
LYN	NTRK1	0.0
MARK3	NTRK1	0.0
MAP3K1	NTRK1	2.0
BCKDK	MAPK6	0.0
CSNK2A1	KSR1	0.0
ALK	LTK	0.0
ARAF	RIPK4	0.0
AURKB	RIPK4	0.0
PRKDC	RIPK4	0.0
COQ8A	RIPK4	0.0
HK2	KSR1	0.0
PFKM	RIPK4	0.0
CDC7	MAPK6	0.0
CDC42BPB	KSR2	0.0
PIK3R4	RIPK4	0.0
PRKCH	RIPK4	0.0
CSNK1A1	RIPK4	0.0
CSNK1D	RIPK4	0.0
IRAK1	MAPK6	0.0
CDC7	RIPK4	0.0
AURKB	MAPK6	0.0
ILK	RIPK4	0.0
CSNK2A2	KSR1	0.0
KSR1	RIPK4	0.0
CDK4	KSR1	0.0
CSNK1E	RIPK4	0.0
PRKCI	RIPK4	0.0
AGK	RIPK4	0.0
IRAK1	RIPK4	0.0
RAF1	RIPK4	0.0
BRD2	CAMKV	0.0
CLK1	CLK2	0.0
ERBB3	MET	4.0
PGK1	PGK2	2.0
DYRK3	EGFR	0.0
CDK13	EGFR	0.0
BRD3	CAMKV	0.0
ATR	PDGFRB	1.0
ACVR2B	PDGFRB	0.0
BMPR1A	PDGFRB	0.0
CSNK1G1	CSNK1G3	1.0
CDC42BPB	PRKCZ	0.0
CAMK1	EPHA1	0.0
PDK3	PDK4	0.0
PDK2	PDK4	0.0
PDK1	PDK4	0.0
MARK2	NUAK2	0.0
BRD4	PIP4K2A	0.0
AURKA	PAK5	0.0
BRD2	PIP4K2A	0.0
CKM	CKMT2	1.0
TRIB1	TRIB2	0.0
MARK3	NUAK2	0.0
BRD2	BRD3	0.0
ABL2	AXL	0.0
PIP4K2A	RPS6KB1	0.0
RPS6KA3	STRADB	1.0
RPS6KA2	STRADB	1.0
PDK2	PDK3	0.0
PIP5K1A	PRKCA	4.0
CDK14	CDKL2	0.0
PTK2	TEK	1.0
COQ8A	COQ8B	0.0
EPHA2	NTRK3	0.0
STK40	TRIB2	0.0
AKT1	TEK	5.0
MTOR	NTRK3	1.0
FGFR1	FGFR2	9.0
BRD3	PIP4K2A	0.0
CDK6	PAK4	1.0
BRD4	CAMKV	0.0
MAP2K1	PAK2	8.0
LIMK2	PRKCD	1.0
CDK5	PRKCD	0.0
PIP5K1B	PRKCD	1.0
MET	PRKCD	0.0
BRSK1	CAMK2A	0.0
CDK11B	CDK7	0.0
JAK1	PRKAA1	1.0
CSNK1E	PRKAA1	2.0
ERBB2	PRKAA1	2.0
MKNK1	PRKAA1	1.0
BRAF	PRKAA1	3.0
MYLK	PRKAA1	2.0
PINK1	PRKAA2	0.0
PAK2	PRKAA2	0.0
IKBKB	PRKAA2	8.0
NUAK1	STK38L	0.0
CDK1	WEE2	2.0
PAK2	PRKAA1	0.0
PIKFYVE	PRKAA1	0.0
CDK4	YES1	0.0
RPS6KB1	TBK1	5.0
INSR	TBK1	1.0
PRKD1	PRKD3	2.0
CKM	PRKCB	0.0
MAPK9	PRKCB	17.0
PRKACA	SYK	2.0
PIP5K1B	SYK	2.0
CSNK2A1	LYN	1.0
EGFR	MAPK11	10.0
EEF2K	MAPKAPK2	0.0
PIP5K1B	PRKCQ	0.0
CSNK2A1	FGR	0.0
PAK1	STK11	0.0
AURKB	CHEK1	0.0
CDK13	CHEK1	0.0
MYLK	PRKACA	6.0
CAMKK1	PRKACA	1.0
MARK3	PRKACA	0.0
GRK1	PRKACA	1.0
PFKM	PRKACA	1.0
PRKAA1	PRKACA	9.0
CHKB	PRKACA	0.0
CASK	PRKACA	0.0
CSNK1A1	PRKACA	3.0
PFKP	PRKACA	2.0
BRSK2	PRKACA	0.0
GRK7	PRKACA	1.0
PFKL	PRKACA	1.0
KSR1	PRKACA	1.0
ATR	PRKACA	2.0
NPR1	PRKACA	7.0
ERN1	PRKACA	1.0
MAP3K11	MAPK3	1.0
GSK3B	MAPK3	31.0
CAMK4	CAMKK1	1.0
BRSK1	CAMKK1	0.0
MAP2K4	SGK1	0.0
CDK1	ERBB2	0.0
CHKA	SRC	0.0
AURKA	SRC	0.0
RPS6KA3	SRC	1.0
AATK	SRC	0.0
PRKD2	SRC	1.0
CIT	SRC	0.0
PIP5K1C	SRC	4.0
PLK1	SRC	0.0
HK2	SRC	1.0
HIPK2	SRC	0.0
FER	SRC	1.0
CDK4	SRC	5.0
STK39	WNK2	0.0
MARK3	PRKCI	0.0
MAPK11	ZAP70	5.0
AKT1	PRKCE	7.0
GSK3B	RPS6KB2	13.0
PFKM	ULK1	1.0
HK1	ULK1	0.0
NEK1	TLK1	0.0
CDC7	CDK1	1.0
AAK1	CDK1	0.0
ATR	CDK1	4.0
CDK11B	CHEK2	0.0
PRKAA1	PRKCA	3.0
WNK1	WNK3	0.0
DYRK2	MAP3K10	0.0
ABL1	CLK1	0.0
CAMK2A	PRKCA	21.0
ERBB2	PRKCA	10.0
AKT1	PRKCA	31.0
EGFR	PKN1	1.0
CAMKK2	DAPK1	1.0
PRKAA1	PRKD1	0.0
PRKAA2	PRKD1	0.0
MAP3K5	PRKD1	0.0
PAK4	PRKD1	0.0
AKT1	PRKD1	1.0
PIP4K2A	PRKD1	0.0
MAP4K1	PRKD1	0.0
KSR1	MAP3K7	0.0
MARK3	STK11	0.0
NUAK2	STK11	0.0
MELK	STK11	0.0
MKNK1	SGK1	0.0
MAPK1	SGK1	4.0
PIKFYVE	SGK1	0.0
PLK1	PLK2	1.0
MAP2K1	PAK3	7.0
PRKCB	SYK	4.0
KSR1	LCK	0.0
AKT1	IKBKE	10.0
GSK3A	IKBKE	0.0
ABL1	CLK4	0.0
MAP2K1	PDPK1	17.0
MAP2K2	PDPK1	16.0
GSK3B	MAPK14	11.0
EIF2AK2	MAPK14	2.0
GSK3B	PRKG1	0.0
MYLK	PRKG1	3.0
PFKM	PRKG1	0.0
ERBB2	MAPK1	17.0
EIF2AK2	MAPK1	5.0
CDC42BPB	MTOR	0.0
CDKL5	DYRK1A	0.0
PDK1	PGK1	1.0
MAP3K5	MELK	0.0
AKT1	MAPK3	72.0
AAK1	STK38	0.0
GSK3B	PRKCH	0.0
MAP2K1	PLK1	3.0
MAP2K2	PLK1	1.0
CASK	CDK5	0.0
ATM	CDK5	0.0
CAMKV	CDK5	0.0
MARK2	PRKD2	0.0
DAPK3	ROCK1	1.0
ERBB2	PRKG2	0.0
MET	PRKG2	0.0
GSK3B	MAP2K1	27.0
AKT1	TYRO3	0.0
CHEK1	RPS6KA1	0.0
DAPK1	RPS6KA1	0.0
EPHA2	RPS6KA1	1.0
EEF2K	MTOR	1.0
DDR1	NEK6	0.0
CDK5	CSNK1A1	0.0
CAMK2B	PRKCG	18.0
FGFR1	PRKCE	0.0
AURKB	PRKCE	0.0
MET	PRKCE	1.0
PRKCA	STK3	1.0
NEK2	STK3	0.0
PLK1	STK10	1.0
MAPK8	PRKCD	10.0
MAP2K1	MOS	3.0
PIP5K1C	RPS6KB1	2.0
EEF2K	TRPM7	0.0
AKT1	MERTK	0.0
LIMK1	PAK6	3.0
BRAF	PAK1	9.0
STK39	WNK1	0.0
MAP2K3	MAP3K8	3.0
ABL1	MAP3K8	0.0
MAP2K6	MAP3K8	3.0
CDK1	MAP3K8	0.0
MAP2K2	MAP3K8	3.0
CHEK1	MAP3K8	0.0
CDK4	MAPK9	9.0
AKT1	CAMKK2	4.0
EGFR	PKN3	1.0
AATK	FYN	0.0
ABL1	TTK	1.0
BUB1B	TTK	1.0
CSNK1D	PRKCA	1.0
GRK7	PRKCA	0.0
CDK1	PRKCA	2.0
GUCY2C	PRKCA	0.0
PIP5K1B	PRKCA	4.0
ILK	PRKCA	2.0
MET	PRKCA	10.0
PHKG1	PRKACA	3.0
ATM	AURKB	0.0
STK38	STK4	0.0
MAP3K5	PIM1	0.0
CAMK2D	RIPK3	1.0
CKM	PRKCD	0.0
MAP3K12	MAPK8	1.0
CDK4	MAPK8	9.0
PIK3CG	PRKCB	3.0
PRKAA1	PRKCB	3.0
GSK3B	PRKCG	11.0
EPHB6	FLT3	0.0
MARK2	PRKCZ	0.0
MARK3	PRKCZ	0.0
AKT1	AXL	0.0
ATM	EGFR	4.0
GSK3B	MAP4K5	0.0
PDPK1	RET	0.0
MAPK9	RET	1.0
AKT1	RET	2.0
IKBKB	LYN	7.0
MAP3K5	RPS6KA3	3.0
GSK3B	RPS6KA3	4.0
EIF2AK2	RPS6KA3	0.0
DAPK1	RPS6KA3	0.0
EPHA2	RPS6KA3	1.0
GSK3A	RPS6KA3	0.0
CHEK2	MAP3K20	0.0
MOS	PRKACA	2.0
MAP4K1	PRKACA	1.0
AURKC	PRKACA	0.0
PIP5K1B	PRKACA	0.0
EEF2K	MAPKAPK3	0.0
CHEK2	TSSK1B	0.0
ERBB4	SRC	2.0
CHEK1	MAPKAPK2	2.0
CDK11B	CSNK2A2	0.0
CDK11B	NTRK1	0.0
MAPKAPK3	SRPK2	0.0
DCLK1	KSR1	0.0
CDK16	KSR1	0.0
CDK5	SCYL2	0.0
DCLK1	MAST3	0.0
CSNK1A1	WEE1	0.0
DYRK2	STK4	0.0
DCLK1	MAP3K21	0.0
DCLK1	MELK	0.0
CHEK1	KSR1	0.0
CSNK1A1	KSR1	0.0
ICK	MAK	0.0
BRD4	CHEK2	0.0
BRD4	CHEK1	0.0
TTN	WEE1	0.0
BRD4	WEE1	0.0
CDK12	WEE1	0.0
BRD4	CDC7	0.0
MTOR	WEE1	1.0
CSK	TNK2	0.0
IKBKB	TNIK	0.0
MAPK6	STK40	0.0
MAPKAPK5	STK40	0.0
AKT1	CDK4	21.0
AKT1	CDK6	18.0
AKT1	FGFR4	6.0
EPHA2	FGFR4	4.0
AKT1	LATS2	0.0
EPHA2	LATS2	0.0
FGFR4	LATS2	0.0
AKT1	MAP2K3	13.0
AURKA	MAP2K3	0.0
CDK4	MAP2K3	2.0
CDK6	MAP2K3	2.0
AKT1	MAP2K5	3.0
CDK4	MAP2K5	0.0
CDK6	MAP2K5	0.0
EPHA2	MAP2K5	1.0
ERBB2	MAP2K5	1.0
FGFR4	MAP2K5	1.0
LATS2	MAP2K5	0.0
MAP2K3	MAP2K5	1.0
MAP2K5	MAP2K6	2.0
LATS2	MAP3K5	0.0
EPHA2	MET	5.0
FGFR4	MET	5.0
AKT1	PDGFRA	14.0
CDK4	PDGFRA	5.0
EPHA2	PDGFRA	4.0
FGFR4	PDGFRA	7.0
LATS2	PDGFRA	0.0
MAP2K3	PDGFRA	2.0
CDK4	RAF1	17.0
CDK6	RAF1	16.0
FGFR4	RAF1	7.0
MAP2K3	RAF1	9.0
PDGFRA	RAF1	17.0
FGFR4	STK11	1.0
LATS2	STK11	0.0
MAP2K3	STK11	0.0
AKT1	ARAF	22.0
AURKA	BRAF	1.0
AKT1	ERBB2	14.0
AURKA	ERBB2	0.0
CDK6	ERBB2	6.0
EPHA2	ERBB2	2.0
CDK4	IGF1R	6.0
FGFR4	IGF1R	7.0
ERBB2	MAP2K3	1.0
AKT1	MAP2K6	17.0
EPHA2	MAP2K6	2.0
FGFR4	MAP2K6	2.0
FGFR4	MAP3K5	1.0
CDK6	MAPK14	4.0
EPHA2	MAPK14	2.0
FGFR4	MAPK14	3.0
LATS2	MAPK14	0.0
CDK4	MET	4.0
CDK6	MET	5.0
LATS2	MET	0.0
AURKA	PDGFRA	0.0
CDK6	PDGFRA	6.0
ERBB2	PDGFRA	8.0
ARAF	PIK3CA	23.0
EPHA2	RAF1	5.0
ERBB2	RAF1	15.0
LATS2	RAF1	0.0
MET	RAF1	14.0
FGFR4	ROS1	0.0
EPHA2	STK11	1.0
AK2	RIPK4	0.0
ARAF	CDK9	0.0
CDC42BPA	CDK9	0.0
CDK9	CSNK1A1	0.0
CDK3	IGF1R	0.0
IGF1R	MAP2K1	20.0
CDK9	MAP2K3	0.0
PFKP	RIOK1	0.0
PKM	RIOK1	0.0
PRKDC	RIOK1	0.0
AURKA	RIOK1	0.0
ABL1	DAPK1	1.0
LATS1	LRRK2	0.0
AURKB	LRRK2	0.0
DYRK2	LRRK2	0.0
CDKL3	LRRK2	0.0
AKT2	PFKP	5.0
AKT3	PFKP	5.0
AKT1	IGF1R	21.0
BMPR1B	MAP2K7	1.0
BMPR1B	BRAF	0.0
PIK3C2A	SRC	0.0
PIK3C2A	PRKCE	0.0
PDXK	STK3	0.0
MAP2K7	PRKCQ	1.0
CHEK1	PRKACA	2.0
CHEK1	CSNK2A2	0.0
CHEK1	FGFR3	0.0
CHEK1	PRKAA2	0.0
CHEK1	RIOK2	0.0
IKBKB	NME2	0.0
IKBKB	RPS6KA2	5.0
CASK	IGF1R	0.0
AURKA	MAPKAPK3	0.0
CHUK	TRIO	0.0
CHUK	TBK1	18.0
MAP3K7	PRKACA	3.0
MAP3K7	PRKX	0.0
KALRN	PRKCB	0.0
OXSR1	ROS1	0.0
LATS1	PTK2	0.0
LATS1	STK11	0.0
LATS1	MARK1	0.0
CHEK2	PAK1	0.0
ABL1	SYK	0.0
PGK1	PIK3CG	0.0
PGK1	STK11	0.0
AK1	AKT1	0.0
LCK	PIK3CG	0.0
CDK1	PRKAA2	0.0
CKM	PRKCE	0.0
ARAF	CAMKK2	1.0
FGFR1	STK3	1.0
CDK4	NEK9	0.0
PKM	PRKACA	3.0
PKM	PRKACB	3.0
PKM	PRKCZ	2.0
PKM	PRKAA1	1.0
PKM	STK3	0.0
PKM	STK11	0.0
PKM	ULK2	0.0
BRAF	MAPKAPK3	1.0
NME1	PIK3C2A	0.0
NME1	PRKAA2	0.0
NME1	STK11	0.0
FER	MAPK1	1.0
PFKL	PRKACB	1.0
PFKL	PRKAA2	2.0
FLT1	PIK3CG	1.0
HK1	PRKAA2	1.0
EIF2AK2	PDPK1	0.0
EIF2AK2	ULK1	0.0
EIF2AK2	PRKAA1	0.0
CSNK2A2	PRKACG	1.0
CSNK2A2	RIOK1	1.0
CSNK2A2	RIOK2	1.0
FGFR2	ROS1	0.0
NME2	YES1	0.0
NME2	PFKP	0.0
PRKACB	STK4	3.0
PRKACB	RPS6KB2	10.0
PRKACB	STK38L	0.0
CDK2	STK38L	0.0
MAPK3	PIK3CG	11.0
MAPK3	RIOK1	0.0
MAPK1	ROS1	0.0
MAPK1	PFKL	2.0
MAPK1	PIK3CG	11.0
MAPK1	PRKAA2	7.0
MAPK1	STK11	4.0
MAPK1	NEK9	0.0
EPHB2	PRKAA2	0.0
AKT1	IRAK2	2.0
AKT1	PKN1	2.0
KDR	PDGFRB	5.0
KDR	NEK9	0.0
MAP2K2	NTRK1	8.0
MAP2K2	PRKCZ	5.0
MAP2K2	MAPK14	22.0
CSK	GSK3B	0.0
CSK	PRAG1	0.0
PRKCI	PRKCQ	0.0
MTOR	PIK3CD	36.0
MTOR	RIOK2	0.0
FRK	MAP2K7	0.0
FRK	ROS1	0.0
FRK	TEC	0.0
FRK	MAPK8	0.0
FRK	MAP2K1	0.0
MAPK8	PRKCE	7.0
MAPK8	PKN2	2.0
MAPK9	PRKCE	7.0
MAP2K4	PRKCQ	0.0
MAP2K3	TGFBR1	3.0
CSNK1D	PFKL	0.0
CSNK1D	TGFBR1	1.0
CSNK1D	EIF2AK4	0.0
PIK3CG	ULK1	0.0
MAPKAPK2	PRKCE	0.0
CDK8	EPHA4	0.0
GSK3A	PRKAA2	1.0
GSK3B	IGF1R	8.0
GSK3B	ROR2	1.0
BMX	PRKCE	0.0
AK2	CHEK2	0.0
AK2	PRKAA2	0.0
AK2	PFKP	0.0
AK2	STK11	0.0
AK2	CAMKK2	0.0
HUNK	LIMK1	0.0
CSNK1G2	EPHA4	0.0
PRKDC	YES1	0.0
PRKDC	STK4	0.0
CDK6	MAPK8	5.0
CDK6	MAPKAPK3	0.0
CDK5	PRKAA2	0.0
CDK5	STK4	0.0
CDK5	STK3	0.0
CDK5	RIOK1	0.0
PFKP	PIK3C2A	0.0
PFKP	PRKAA2	2.0
PFKP	PIK3R4	0.0
PRKCE	TP53RK	0.0
MAP2K1	ROS1	0.0
MAP2K1	PRKCE	6.0
MAP3K10	PRKCZ	0.0
ACVR1	BMPR1B	4.0
PAK1	STK38L	0.0
MAPK7	PFKL	0.0
MAPK7	MTOR	1.0
MAPK7	PRKAA2	2.0
MAPK7	PRKCE	1.0
STK3	STK38	0.0
TRIM28	YES1	0.0
ATM	IKBKB	8.0
CAMK2D	MAPK14	8.0
BMPR2	SRC	2.0
CAMK1	CSNK2A2	0.0
CAMK1	PRKACG	3.0
CAMK1	MAPK3	2.0
CAMK1	CDK5	0.0
CAMK1	PFKP	0.0
CAMK1	MAPK7	1.0
IKBKE	MAP3K14	2.0
ERBB4	NME2	0.0
EPHA7	RYK	1.0
MAPK14	PRKACG	14.0
MAPK14	PIK3CG	4.0
MAPK14	STK38L	0.0
MAPKAPK3	SRC	1.0
MAPKAPK3	STK11	0.0
MAPK6	PIK3CG	0.0
PCK2	ULK2	0.0
PAN3	PRKCE	0.0
PPIP5K1	PRKAA2	0.0
CAMK1D	PRKACA	3.0
CAMK1D	PRKACG	3.0
PIP4K2C	STK11	0.0
TTN	YES1	0.0
TTN	WNK1	0.0
TRIB2	WEE1	0.0
AURKB	CHEK2	0.0
AURKB	CDK2	0.0
AURKB	CAMKK2	0.0
IP6K3	PDPK1	0.0
CDK15	STK4	0.0
CAMKK2	WNK1	0.0
EIF2AK1	TGFBR1	0.0
HIPK2	WNK1	0.0
MKNK2	TGFBR1	1.0
DYRK4	RPS6KA5	0.0
IRAK4	ZAP70	2.0
MARK1	STK4	0.0
EIF2AK4	PGK1	0.0
EIF2AK4	PFKL	0.0
EIF2AK4	MAPK3	2.0
EIF2AK4	GSK3B	2.0
EIF2AK4	PRKAA2	1.0
EIF2AK4	MAPK14	0.0
CAMK2A	RAF1	12.0
DYRK1B	MAPK11	0.0
MAP3K4	MAPK1	2.0
PDPK1	ULK1	3.0
FLT3	FYN	0.0
FLT3	LCK	0.0
FLT3	YES1	0.0
