PAK1,"['branching morphogenesis of an epithelial tube', 'wound healing', 'response to hypoxia', 'apoptotic process', 'positive regulation of axon extension', 'regulation of MAPK cascade', 'positive regulation of cell proliferation', 'Fc-epsilon receptor signaling pathway', 'cellular response to insulin stimulus', 'actin cytoskeleton reorganization', 'T cell receptor signaling pathway', 'positive regulation of protein phosphorylation']"
AKT2,"['activation of GTPase activity', 'positive regulation of cell proliferation', 'cellular protein modification process', 'fat cell differentiation', 'cellular response to insulin stimulus', 'negative regulation of apoptotic process', 'positive regulation of protein phosphorylation']"
NEK7,[]
BMPR1A,"['transforming growth factor beta receptor signaling pathway', 'embryonic digit morphogenesis', 'immune response', 'in utero embryonic development', 'BMP signaling pathway', 'positive regulation of mesenchymal cell proliferation', 'Mullerian duct regression', 'odontogenesis of dentin-containing tooth', 'ectoderm development', 'positive regulation of transcription by RNA polymerase II', 'lung development']"
TTBK1,"['negative regulation of protein binding', 'learning or memory', 'negative regulation of gene expression', 'positive regulation of gene expression']"
MAST2,[]
BRD4,"['positive regulation of I-kappaB kinase/NF-kappaB signaling', 'positive regulation of transcription by RNA polymerase II', 'positive regulation of transcription, DNA-templated', 'transcription, DNA-templated', 'cellular response to DNA damage stimulus']"
WNK1,[]
ZAP70,"['immune response', 'T cell receptor signaling pathway']"
CDC42BPB,"['cell migration', 'actin cytoskeleton reorganization']"
STK38,['cellular protein modification process']
KSR2,[]
KSR1,"['regulation of cell proliferation', 'MAPK cascade']"
KDR,"['positive regulation of phosphatidylinositol 3-kinase signaling', 'positive regulation of angiogenesis', 'positive regulation of macroautophagy', 'negative regulation of gene expression', 'vascular endothelial growth factor receptor signaling pathway', 'regulation of cell shape', 'positive regulation of cell proliferation', 'negative regulation of signal transduction', 'angiogenesis', 'ERK1 and ERK2 cascade', 'negative regulation of apoptotic process', 'positive regulation of protein phosphorylation', 'extracellular matrix organization', 'cell differentiation', 'positive regulation of endothelial cell proliferation']"
BMX,"['mesoderm development', 'cell adhesion', 'apoptotic process']"
MST1R,"['positive regulation of MAP kinase activity', 'positive regulation of cell proliferation', 'negative regulation of signal transduction', 'Wnt signaling pathway', 'defense response', 'negative regulation of apoptotic process', 'cell differentiation', 'positive regulation of protein kinase B signaling']"
PKN1,"['activation of JUN kinase activity', 'negative regulation of protein kinase activity', 'negative regulation of B cell proliferation', 'epithelial cell migration', 'transcription, DNA-templated', 'regulation of transcription by RNA polymerase II']"
MAPK12,"['cell cycle arrest', 'transcription, DNA-templated', 'myoblast differentiation', 'regulation of transcription, DNA-templated', 'DNA damage induced protein phosphorylation', 'muscle organ development', 'MAPK cascade', 'regulation of gene expression', 'positive regulation of muscle cell differentiation']"
RAGE,"['positive regulation of NIK/NF-kappaB signaling', 'positive regulation of NF-kappaB transcription factor activity', 'learning or memory', 'regulation of gene expression', 'regulation of cell cycle', 'inflammatory response', 'positive regulation of protein phosphorylation', 'response to hypoxia', 'neuron projection development', 'cell surface receptor signaling pathway']"
MAP3K1,"['Fc-epsilon receptor signaling pathway', 'MAPK cascade', 'MyD88-dependent toll-like receptor signaling pathway']"
RIPK2,"['positive regulation of protein binding', 'activation of JUN kinase activity', 'positive regulation of NF-kappaB transcription factor activity', 'inflammatory response', 'apoptotic process', 'toll-like receptor 4 signaling pathway', 'positive regulation of cell death', 'positive regulation of I-kappaB kinase/NF-kappaB signaling', 'positive regulation of transcription by RNA polymerase II', 'MAPK cascade', 'positive regulation of peptidyl-tyrosine phosphorylation', 'T cell receptor signaling pathway', 'negative regulation of apoptotic process', 'positive regulation of apoptotic process', 'interleukin-1-mediated signaling pathway']"
STRADA,"['cell cycle arrest', 'MAPK cascade']"
PIK3C2A,"['epidermal growth factor receptor signaling pathway', 'cell migration', 'endocytosis']"
CDK18,['regulation of cell cycle']
MAPKAPK3,"['MAPK cascade', 'vascular endothelial growth factor receptor signaling pathway']"
STK39,"['negative regulation of potassium ion transmembrane transport', 'regulation of blood pressure', 'negative regulation of protein phosphorylation']"
SNRK,[]
VRK3,[]
PDGFRA,"['positive regulation of phosphatidylinositol 3-kinase signaling', 'wound healing', 'regulation of actin cytoskeleton reorganization', 'positive regulation of protein kinase B signaling', 'positive regulation of cell proliferation', 'MAPK cascade', 'negative regulation of signal transduction', 'negative regulation of apoptotic process', 'cell differentiation']"
DAPK1,"['apoptotic signaling pathway', 'apoptotic process', 'negative regulation of translation', 'negative regulation of extrinsic apoptotic signaling pathway via death domain receptors', 'regulation of apoptotic process', 'positive regulation of cysteine-type endopeptidase activity involved in apoptotic process', 'positive regulation of autophagy', 'cellular response to interferon-gamma']"
CHUK,"['positive regulation of NF-kappaB transcription factor activity', 'inflammatory response', 'immune response', 'MyD88-independent toll-like receptor signaling pathway', 'positive regulation of transcription, DNA-templated', 'Rho protein signal transduction', 'Fc-epsilon receptor signaling pathway', 'positive regulation of I-kappaB kinase/NF-kappaB signaling', 'positive regulation of transcription by RNA polymerase II', 'T cell receptor signaling pathway', 'response to drug', 'interleukin-1-mediated signaling pathway']"
EPHB4,"['cell adhesion', 'negative regulation of signal transduction', 'angiogenesis', 'negative regulation of apoptotic process', 'cell differentiation']"
SRPK2,"['positive regulation of cell proliferation', 'positive regulation of neuron apoptotic process', 'angiogenesis', 'negative regulation of viral genome replication', 'positive regulation of gene expression', 'cell differentiation', 'regulation of gene expression']"
RPS6KB2,['translation']
NPR1,"['negative regulation of angiogenesis', 'dopamine metabolic process', 'negative regulation of cell growth', 'cell surface receptor signaling pathway', 'regulation of blood pressure']"
SMG1,[]
TRIM24,"['negative regulation of cell proliferation', 'transcription by RNA polymerase II', 'negative regulation of transcription, DNA-templated', 'positive regulation of transcription, DNA-templated', 'regulation of apoptotic process', 'regulation of protein stability', 'protein ubiquitination']"
IRAK4,"['positive regulation of I-kappaB kinase/NF-kappaB signaling', 'positive regulation of NF-kappaB transcription factor activity', 'MyD88-dependent toll-like receptor signaling pathway', 'cytokine-mediated signaling pathway', 'interleukin-1-mediated signaling pathway']"
HK1,['canonical glycolysis']
NEK8,"['determination of left/right symmetry', 'animal organ morphogenesis', 'heart development']"
MAST1,[]
MAP4K1,"['cell proliferation', 'activation of JUN kinase activity']"
KIAA1804,['activation of JUN kinase activity']
NME3,"['apoptotic process', 'nucleobase-containing small molecule interconversion']"
PRKCA,"['axon guidance', 'positive regulation of angiogenesis', 'apoptotic signaling pathway', 'cell adhesion', 'angiogenesis', 'positive regulation of endothelial cell proliferation']"
JAK2,"['positive regulation of phosphatidylinositol 3-kinase signaling', 'mesoderm development', 'positive regulation of DNA-binding transcription factor activity', 'intrinsic apoptotic signaling pathway in response to oxidative stress', 'positive regulation of nitric oxide biosynthetic process', 'negative regulation of cell proliferation', 'blood coagulation', 'MAPK cascade', 'cytokine-mediated signaling pathway', 'interleukin-6-mediated signaling pathway', 'positive regulation of peptidyl-tyrosine phosphorylation', 'positive regulation of DNA binding', 'apoptotic process', 'positive regulation of cell differentiation', 'cell differentiation']"
CAMK2A,"['positive regulation of NF-kappaB transcription factor activity', 'dendrite morphogenesis', 'MAPK cascade', 'calcium ion transport']"
MAP2K4,"['activation of JUN kinase activity', 'positive regulation of neuron apoptotic process', 'apoptotic process']"
GRK6,['Wnt signaling pathway']
RIOK1,[]
AATK,[]
MAPK7,"['axon guidance', 'positive regulation of transcription by RNA polymerase II', 'MAPK cascade', 'negative regulation of calcineurin-NFAT signaling cascade', 'negative regulation of extrinsic apoptotic signaling pathway in absence of ligand', 'regulation of gene expression']"
TTBK2,"['cilium assembly', 'smoothened signaling pathway']"
MAPKAPK2,"['MAPK cascade', 'inflammatory response', 'cellular response to DNA damage stimulus', 'vascular endothelial growth factor receptor signaling pathway']"
PRKX,"['cell adhesion', 'angiogenesis', 'cell-substrate adhesion']"
AKT1,"['positive regulation of DNA-binding transcription factor activity', 'inflammatory response', 'positive regulation of transcription, DNA-templated', 'excitatory postsynaptic potential', 'positive regulation of protein localization to cell surface', 'positive regulation of organ growth', 'cellular response to DNA damage stimulus', 'cellular response to granulocyte macrophage colony-stimulating factor stimulus', 'negative regulation of protein kinase B signaling', 'cell proliferation', 'positive regulation of nitric oxide biosynthetic process', 'positive regulation of cell proliferation', 'positive regulation of transcription by RNA polymerase II', 'response to heat', 'cytokine-mediated signaling pathway', 'osteoblast differentiation', 'negative regulation of extrinsic apoptotic signaling pathway in absence of ligand', 'positive regulation of protein phosphorylation', 'positive regulation of endothelial cell proliferation', 'epidermal growth factor receptor signaling pathway', 'positive regulation of fat cell differentiation', 'negative regulation of protein binding', 'negative regulation of cysteine-type endopeptidase activity involved in apoptotic process', 'regulation of apoptotic process', 'translation', 'negative regulation of gene expression', 'positive regulation of gene expression', 'glucose homeostasis', 'nitric oxide biosynthetic process', 'protein ubiquitination', 'cellular protein modification process', 'negative regulation of protein kinase activity', 'cellular response to insulin stimulus', 'apoptotic mitochondrial changes', 'negative regulation of JNK cascade', 'negative regulation of apoptotic process', 'positive regulation of apoptotic process', 'cell differentiation']"
TRIB2,['negative regulation of protein kinase activity']
TRPM6,['protein tetramerization']
BMP2K,[]
RIPK4,['positive regulation of NF-kappaB transcription factor activity']
DYRK4,[]
CAMK1G,[]
CSNK1A1,"['Wnt signaling pathway', 'cell morphogenesis', 'cell surface receptor signaling pathway']"
STK10,[]
PRKACA,"['blood coagulation', 'regulation of osteoblast differentiation', 'cytokine-mediated signaling pathway', 'regulation of heart rate']"
TRIB1,"['negative regulation of DNA-binding transcription factor activity', 'negative regulation of protein kinase activity', 'negative regulation of lipopolysaccharide-mediated signaling pathway']"
KIT,"['positive regulation of phosphatidylinositol 3-kinase signaling', 'male gonad development', 'negative regulation of programmed cell death', 'positive regulation of DNA-binding transcription factor activity', 'inflammatory response', 'positive regulation of protein kinase B signaling', 'positive regulation of cell proliferation', 'MAPK cascade', 'cytokine-mediated signaling pathway', 'ovarian follicle development', 'visual learning', 'positive regulation of gene expression', 'regulation of cell shape', 'negative regulation of signal transduction', 'actin cytoskeleton reorganization', 'spermatid development', 'spermatogenesis', 'regulation of cell proliferation', 'regulation of transcription by RNA polymerase II', 'negative regulation of apoptotic process', 'cell differentiation', 'lamellipodium assembly']"
CDC7,['positive regulation of cell proliferation']
RAF1,"['wound healing', 'response to hypoxia', 'negative regulation of cysteine-type endopeptidase activity involved in apoptotic process', 'apoptotic process', 'negative regulation of extrinsic apoptotic signaling pathway via death domain receptors', 'regulation of apoptotic process', 'cell proliferation', 'negative regulation of cell proliferation', 'positive regulation of transcription by RNA polymerase II', 'MAPK cascade', 'heart development', 'negative regulation of protein complex assembly', 'negative regulation of apoptotic process', 'cell differentiation']"
NEK3,[]
PTK2,"['positive regulation of phosphatidylinositol 3-kinase signaling', 'epidermal growth factor receptor signaling pathway', 'transforming growth factor beta receptor signaling pathway', 'axon guidance', 'vascular endothelial growth factor receptor signaling pathway', 'positive regulation of protein kinase B signaling', 'regulation of cell shape', 'positive regulation of cell proliferation', 'regulation of osteoblast differentiation', 'MAPK cascade', 'angiogenesis', 'regulation of cell proliferation', 'negative regulation of apoptotic process', 'positive regulation of protein phosphorylation', 'extracellular matrix organization', 'cell differentiation']"
NME1,"['negative regulation of cell proliferation', 'nervous system development', 'positive regulation of DNA binding', 'nucleobase-containing small molecule interconversion', 'regulation of apoptotic process', 'endocytosis', 'cell differentiation']"
STK35,[]
MAPK1,"['axon guidance', 'positive regulation of transcription, DNA-templated', 'chemical synaptic transmission', 'cellular response to DNA damage stimulus', 'cellular response to granulocyte macrophage colony-stimulating factor stimulus', 'positive regulation of cell proliferation', 'Fc-epsilon receptor signaling pathway', 'MAPK cascade', 'chemotaxis', 'T cell receptor signaling pathway', 'learning or memory', 'apoptotic process', 'positive regulation of gene expression', 'regulation of gene expression', 'transcription, DNA-templated', 'ERK1 and ERK2 cascade', 'regulation of protein stability', 'regulation of ossification']"
CHEK2,"['positive regulation of transcription, DNA-templated', 'transcription, DNA-templated', 'regulation of transcription, DNA-templated', 'intrinsic apoptotic signaling pathway in response to DNA damage', 'cellular response to DNA damage stimulus', 'DNA damage induced protein phosphorylation', 'positive regulation of protein phosphorylation', 'protein stabilization']"
FGFR2,"['in utero embryonic development', 'cell-cell signaling', 'positive regulation of protein kinase B signaling', 'positive regulation of cell proliferation', 'positive regulation of transcription by RNA polymerase II', 'regulation of osteoblast differentiation', 'MAPK cascade', 'angiogenesis', 'ureteric bud development', 'cellular response to retinoic acid', 'cell fate commitment', 'midbrain development', 'wound healing', 'apoptotic process', 'positive regulation of mesenchymal cell proliferation', 'animal organ morphogenesis', 'inner ear morphogenesis', 'bone development', 'negative regulation of transcription by RNA polymerase II', 'negative regulation of signal transduction', 'lung development', 'negative regulation of apoptotic process', 'cell differentiation']"
GSK3B,"['positive regulation of protein binding', 'dopamine receptor signaling pathway', 'negative regulation of protein binding', 'negative regulation of calcineurin-NFAT signaling cascade', 'Wnt signaling pathway', 'excitatory postsynaptic potential', 'positive regulation of protein export from nucleus', 'positive regulation of cell-matrix adhesion', 'positive regulation of gene expression', 'negative regulation of protein complex assembly', 'canonical Wnt signaling pathway', 'neuron projection development', 'negative regulation of apoptotic process']"
STK16,"['transcription by RNA polymerase II', 'positive regulation of transcription by RNA polymerase II']"
ACVRL1,"['transforming growth factor beta receptor signaling pathway', 'positive regulation of angiogenesis', 'activin receptor signaling pathway', 'response to hypoxia', 'in utero embryonic development', 'negative regulation of cell growth', 'positive regulation of transcription, DNA-templated', 'BMP signaling pathway', 'negative regulation of gene expression', 'negative regulation of cell migration', 'negative regulation of cell proliferation', 'positive regulation of transcription by RNA polymerase II', 'angiogenesis', 'regulation of transcription, DNA-templated', 'blood circulation', 'regulation of blood pressure', 'positive regulation of endothelial cell proliferation']"
EIF2AK4,"['cell cycle arrest', 'negative regulation of translational initiation', 'negative regulation of neuron differentiation', 'defense response to virus', 'negative regulation by host of viral genome replication', 'positive regulation of defense response to virus by host']"
CDKL1,"['heart development', 'regulation of cell cycle']"
GAK,[]
MAPK14,"['transmembrane receptor protein serine/threonine kinase signaling pathway', 'cartilage condensation', 'apoptotic process', 'cell morphogenesis', 'vascular endothelial growth factor receptor signaling pathway', 'positive regulation of gene expression', 'regulation of gene expression', 'positive regulation of myoblast differentiation', 'positive regulation of transcription by RNA polymerase II', 'chemotaxis', 'angiogenesis', 'positive regulation of myotube differentiation', 'myoblast differentiation involved in skeletal muscle regeneration', 'positive regulation of muscle cell differentiation', 'transcription, DNA-templated', 'cell surface receptor signaling pathway', 'regulation of transcription by RNA polymerase II', 'skeletal muscle tissue development', 'regulation of ossification']"
AKT3,['positive regulation of endothelial cell proliferation']
PIP4K2C,[]
RPS6KA1,"['positive regulation of cell differentiation', 'positive regulation of transcription by RNA polymerase II', 'negative regulation of apoptotic process', 'negative regulation of cysteine-type endopeptidase activity involved in apoptotic process', 'apoptotic process']"
MARK4,['nervous system development']
SLK,"['regulation of apoptotic process', 'apoptotic process']"
WNK4,"['protein localization', 'chloride transport']"
VRK2,['regulation of MAPK cascade']
PIM2,"['cell proliferation', 'positive regulation of macroautophagy', 'negative regulation of cell proliferation', 'positive regulation of I-kappaB kinase/NF-kappaB signaling', 'negative regulation of protein binding', 'positive regulation of autophagy', 'apoptotic mitochondrial changes', 'positive regulation of transcription, DNA-templated', 'negative regulation of apoptotic process', 'protein stabilization']"
CDK15,['regulation of cell cycle']
TGFBR1,"['cell cycle arrest', 'male gonad development', 'transforming growth factor beta receptor signaling pathway', 'anterior/posterior pattern specification', 'activin receptor signaling pathway', 'wound healing', 'skeletal system development', 'in utero embryonic development', 'kidney development', 'positive regulation of transcription, DNA-templated', 'apoptotic process', 'positive regulation of gene expression', 'positive regulation of protein kinase B signaling', 'positive regulation of cell proliferation', 'heart development', 'regulation of transcription, DNA-templated', 'negative regulation of extrinsic apoptotic signaling pathway', 'positive regulation of endothelial cell proliferation', 'collagen fibril organization', 'negative regulation of transforming growth factor beta receptor signaling pathway', 'positive regulation of apoptotic signaling pathway']"
MYO3A,['sensory perception of sound']
GSG2,"['protein localization to chromosome, centromeric region']"
SGK3,"['negative regulation of extrinsic apoptotic signaling pathway in absence of ligand', 'regulation of cell proliferation']"
ITK,"['Fc-epsilon receptor signaling pathway', 'T cell receptor signaling pathway']"
LMTK2,"['negative regulation of signal transduction', 'negative regulation of apoptotic process', 'cell differentiation']"
ACVR1C,"['transforming growth factor beta receptor signaling pathway', 'activin receptor signaling pathway', 'positive regulation of cysteine-type endopeptidase activity involved in apoptotic process', 'cell differentiation']"
MAP2K2,"['MAPK cascade', 'positive regulation of transcription, DNA-templated', 'ERK1 and ERK2 cascade', 'negative regulation of gene expression']"
PIK3C3,"['protein lipidation', 'endocytosis', 'protein processing']"
TLK1,"['intracellular protein transport', 'cellular response to DNA damage stimulus']"
MELK,"['cell proliferation', 'intrinsic apoptotic signaling pathway in response to oxidative stress', 'apoptotic process', 'positive regulation of apoptotic process']"
TSSK1B,"['multicellular organism development', 'spermatid development']"
RIPK1,"['activation of JUN kinase activity', 'positive regulation of NF-kappaB transcription factor activity', 'MyD88-independent toll-like receptor signaling pathway', 'apoptotic process', 'negative regulation of extrinsic apoptotic signaling pathway via death domain receptors', 'protein homooligomerization', 'T cell apoptotic process', 'toll-like receptor 3 signaling pathway', 'positive regulation of I-kappaB kinase/NF-kappaB signaling', 'apoptotic signaling pathway', 'negative regulation of I-kappaB kinase/NF-kappaB signaling', 'positive regulation of transcription by RNA polymerase II', 'MAPK cascade', 'negative regulation of extrinsic apoptotic signaling pathway in absence of ligand', 'positive regulation of protein phosphorylation', 'positive regulation of apoptotic process', 'negative regulation of extrinsic apoptotic signaling pathway']"
ROS1,"['cell proliferation', 'negative regulation of signal transduction', 'spermatogenesis', 'negative regulation of gene expression', 'negative regulation of apoptotic process', 'cell differentiation']"
EPHA1,"['activation of GTPase activity', 'positive regulation of cell proliferation', 'negative regulation of protein kinase activity', 'positive regulation of angiogenesis', 'negative regulation of signal transduction', 'angiogenesis', 'cell surface receptor signaling pathway', 'positive regulation of cell-matrix adhesion', 'negative regulation of apoptotic process', 'cell differentiation', 'negative regulation of cell migration']"
ATR,"['DNA repair', 'multicellular organism development', 'cellular response to DNA damage stimulus', 'response to drug']"
MAP3K11,"['cell proliferation', 'activation of JUN kinase activity', 'positive regulation of neuron apoptotic process', 'MAPK cascade', 'positive regulation of apoptotic process']"
DYRK1A,"['nervous system development', 'regulation of alternative mRNA splicing, via spliceosome', 'negative regulation of microtubule polymerization', 'negative regulation of DNA damage response, signal transduction by p53 class mediator']"
MAP3K3,"['positive regulation of I-kappaB kinase/NF-kappaB signaling', 'MAPK cascade', 'interleukin-1-mediated signaling pathway']"
PDPK1,"['epidermal growth factor receptor signaling pathway', 'positive regulation of angiogenesis', 'Fc-epsilon receptor signaling pathway', 'negative regulation of protein kinase activity', 'cellular response to insulin stimulus', 'cell migration', 'T cell receptor signaling pathway', 'transcription, DNA-templated', 'negative regulation of toll-like receptor signaling pathway', 'regulation of transcription, DNA-templated', 'actin cytoskeleton organization', 'negative regulation of transforming growth factor beta receptor signaling pathway']"
ULK1,"['protein localization', 'negative regulation of protein complex assembly', 'neuron projection development']"
WNK3,['negative regulation of apoptotic process']
MAPK13,"['transcription, DNA-templated', 'response to osmotic stress', 'regulation of transcription, DNA-templated', 'regulation of gene expression']"
RIOK2,[]
MST4,"['MAPK cascade', 'apoptotic process', 'regulation of apoptotic process', 'response to hydrogen peroxide', 'negative regulation of cell migration']"
MAP3K12,"['activation of JUN kinase activity', 'MAPK cascade']"
WNK2,['negative regulation of cell proliferation']
MAPK4,"['MAPK cascade', 'regulation of gene expression']"
EIF2AK1,"['iron ion homeostasis', 'negative regulation of cell proliferation']"
RPS6KA5,"['epidermal growth factor receptor signaling pathway', 'axon guidance', 'positive regulation of transcription by RNA polymerase II', 'positive regulation of NF-kappaB transcription factor activity', 'inflammatory response', 'negative regulation of transcription, DNA-templated', 'regulation of transcription, DNA-templated', 'interleukin-1-mediated signaling pathway']"
MAP3K10,"['smoothened signaling pathway', 'activation of JUN kinase activity', 'negative regulation of DNA-binding transcription factor activity', 'MAPK cascade', 'negative regulation of transcription, DNA-templated', 'apoptotic process', 'positive regulation of apoptotic process']"
PRKAA1,"['cell cycle arrest', 'response to hypoxia', 'energy homeostasis', 'Wnt signaling pathway', 'positive regulation of autophagy', 'negative regulation of gene expression', 'positive regulation of gene expression', 'glucose homeostasis', 'positive regulation of cell proliferation', 'transcription, DNA-templated', 'negative regulation of apoptotic process']"
PAK3,"['regulation of MAPK cascade', 'positive regulation of neuron apoptotic process', 'MAPK cascade', 'T cell receptor signaling pathway']"
PLK1,"['mitotic spindle assembly checkpoint', 'regulation of cell cycle', 'sister chromatid cohesion', 'homologous chromosome segregation', 'protein ubiquitination', 'cell proliferation', 'negative regulation of transcription by RNA polymerase II', 'negative regulation of apoptotic process']"
TTK,"['mitotic spindle assembly checkpoint', 'positive regulation of cell proliferation', 'protein localization to kinetochore']"
PTK7,"['cell adhesion', 'wound healing', 'cell migration', 'actin cytoskeleton reorganization', 'cellular response to retinoic acid']"
FLT3,"['positive regulation of phosphatidylinositol 3-kinase signaling', 'regulation of apoptotic process', 'positive regulation of MAP kinase activity', 'positive regulation of cell proliferation', 'MAPK cascade', 'negative regulation of signal transduction', 'cytokine-mediated signaling pathway', 'negative regulation of apoptotic process', 'cell differentiation']"
AURKC,"['spermatogenesis', 'attachment of spindle microtubules to kinetochore']"
EIF2AK3,"['skeletal system development', 'ossification', 'negative regulation of translation', 'protein homooligomerization', 'positive regulation of gene expression', 'angiogenesis']"
CDK2,"['DNA repair', 'positive regulation of transcription, DNA-templated', 'centrosome duplication', 'positive regulation of cell proliferation', 'negative regulation of transcription by RNA polymerase II', 'potassium ion transport']"
STK36,['cilium assembly']
EIF2AK2,"['negative regulation of cell proliferation', 'positive regulation of NIK/NF-kappaB signaling', 'positive regulation of NF-kappaB transcription factor activity', 'defense response to virus', 'negative regulation of translation', 'negative regulation of viral genome replication', 'transcription, DNA-templated', 'translation', 'negative regulation of apoptotic process']"
AURKB,"['negative regulation of protein binding', 'protein localization to kinetochore', 'cell proliferation', 'negative regulation of transcription by RNA polymerase II', 'spindle checkpoint', 'attachment of spindle microtubules to kinetochore']"
CDK9,"['DNA repair', 'transcription by RNA polymerase II', 'cell proliferation', 'positive regulation of transcription by RNA polymerase II', 'response to drug']"
NUAK1,"['cell adhesion', 'cellular response to DNA damage stimulus', 'regulation of cell proliferation']"
CAMK2G,"['insulin secretion', 'MAPK cascade', 'protein complex oligomerization']"
HIPK2,"['positive regulation of protein binding', 'transforming growth factor beta receptor signaling pathway', 'anterior/posterior pattern specification', 'positive regulation of DNA binding', 'positive regulation of DNA-binding transcription factor activity', 'positive regulation of angiogenesis', 'positive regulation of transcription, DNA-templated', 'regulation of cell cycle', 'neuron differentiation', 'smoothened signaling pathway', 'PML body organization', 'positive regulation of cell proliferation', 'intrinsic apoptotic signaling pathway', 'positive regulation of transcription by RNA polymerase II', 'negative regulation of transcription by RNA polymerase II', 'transcription, DNA-templated', 'negative regulation of BMP signaling pathway', 'positive regulation of transforming growth factor beta receptor signaling pathway']"
NEK1,"['cilium assembly', 'cellular response to DNA damage stimulus']"
PIK3CB,"['axon guidance', 'positive regulation of autophagy', 'vascular endothelial growth factor receptor signaling pathway', 'positive regulation of gene expression', 'positive regulation of protein kinase B signaling', 'Fc-epsilon receptor signaling pathway', 'homophilic cell adhesion via plasma membrane adhesion molecules', 'chemotaxis', 'cytokine-mediated signaling pathway', 'cell migration', 'T cell receptor signaling pathway', 'angiogenesis involved in wound healing']"
ABL1,"['negative regulation of mitotic cell cycle', 'intrinsic apoptotic signaling pathway in response to DNA damage', 'positive regulation of substrate adhesion-dependent cell spreading', 'cellular response to DNA damage stimulus', 'DNA damage induced protein phosphorylation', 'regulation of actin cytoskeleton reorganization', 'positive regulation of I-kappaB kinase/NF-kappaB signaling', 'negative regulation of I-kappaB kinase/NF-kappaB signaling', 'positive regulation of peptidyl-tyrosine phosphorylation', 'positive regulation of muscle cell differentiation', 'negative regulation of BMP signaling pathway', 'positive regulation of protein phosphorylation', 'cell cycle arrest', 'epidermal growth factor receptor signaling pathway', 'negative regulation of ubiquitin-protein transferase activity', 'cellular protein modification process', 'regulation of transcription, DNA-templated', 'regulation of cell proliferation', 'positive regulation of apoptotic process', 'cell differentiation', 'actin cytoskeleton organization']"
RET,"['retina development in camera-type eye', 'axon guidance', 'positive regulation of transcription, DNA-templated', 'embryonic epithelial tube formation', 'positive regulation of protein kinase B signaling', 'homophilic cell adhesion via plasma membrane adhesion molecules', 'response to pain', 'MAPK cascade', 'negative regulation of signal transduction', 'positive regulation of extrinsic apoptotic signaling pathway in absence of ligand', 'ureteric bud development', 'cellular response to retinoic acid', 'response to drug', 'negative regulation of apoptotic process', 'cell differentiation']"
EPHB6,"['negative regulation of signal transduction', 'negative regulation of apoptotic process', 'cell differentiation']"
CDC42BPA,"['cell migration', 'actin cytoskeleton reorganization']"
CHEK1,"['DNA repair', 'apoptotic process', 'negative regulation of mitotic nuclear division', 'cellular response to DNA damage stimulus', 'DNA damage induced protein phosphorylation']"
ABL2,"['cellular protein modification process', 'cell adhesion', 'regulation of cell proliferation', 'cellular response to retinoic acid', 'cell differentiation', 'regulation of actin cytoskeleton reorganization']"
MAK,"['multicellular organism development', 'cilium assembly', 'transcription, DNA-templated', 'spermatogenesis', 'regulation of transcription, DNA-templated', 'cell differentiation', 'regulation of gene expression']"
TYK2,['cytokine-mediated signaling pathway']
CDK19,['positive regulation of apoptotic process']
LATS1,['positive regulation of apoptotic process']
MERTK,"['retina development in camera-type eye', 'negative regulation of signal transduction', 'Wnt signaling pathway', 'spermatogenesis', 'cell-cell signaling', 'cell surface receptor signaling pathway', 'natural killer cell differentiation', 'negative regulation of apoptotic process', 'cell differentiation']"
ZAK,"['cell cycle arrest', 'cell proliferation', 'activation of JUN kinase activity', 'embryonic digit morphogenesis', 'positive regulation of apoptotic process', 'cell differentiation']"
HUNK,['multicellular organism development']
DYRK2,"['smoothened signaling pathway', 'cellular response to DNA damage stimulus', 'negative regulation of calcineurin-NFAT signaling cascade']"
INSR,"['male gonad development', 'epidermis development', 'positive regulation of transcription, DNA-templated', 'glucose homeostasis', 'positive regulation of protein kinase B signaling', 'positive regulation of nitric oxide biosynthetic process', 'positive regulation of cell proliferation', 'cellular response to insulin stimulus', 'negative regulation of signal transduction', 'regulation of transcription, DNA-templated', 'negative regulation of apoptotic process', 'positive regulation of protein phosphorylation', 'cell differentiation']"
EPHA4,"['positive regulation of protein tyrosine kinase activity', 'motor neuron axon guidance', 'cell adhesion', 'negative regulation of signal transduction', 'negative regulation of apoptotic process', 'cell differentiation', 'protein stabilization']"
PRKCZ,"['transforming growth factor beta receptor signaling pathway', 'positive regulation of NF-kappaB transcription factor activity', 'inflammatory response', 'negative regulation of insulin receptor signaling pathway', 'positive regulation of cell-matrix adhesion', 'positive regulation of cell proliferation', 'cellular response to insulin stimulus', 'negative regulation of protein complex assembly', 'cell migration', 'negative regulation of apoptotic process']"
DMPK,['regulation of heart contraction']
NRBP1,[]
GUCY2C,['regulation of cell proliferation']
RPS6KA6,[]
PIP5K1C,"['adherens junction assembly', 'actin cytoskeleton organization']"
LTK,"['cell proliferation', 'negative regulation of signal transduction', 'cellular response to retinoic acid', 'negative regulation of apoptotic process', 'cell differentiation']"
MAP3K2,"['activation of JUN kinase activity', 'positive regulation of transcription, DNA-templated']"
MAPK8,"['negative regulation of protein binding', 'positive regulation of gene expression', 'regulation of gene expression', 'Fc-epsilon receptor signaling pathway', 'negative regulation of apoptotic process', 'positive regulation of apoptotic process']"
MAP4K4,"['MAPK cascade', 'negative regulation of apoptotic process']"
HK2,"['positive regulation of angiogenesis', 'apoptotic mitochondrial changes', 'canonical glycolysis']"
EPHB3,"['axon guidance', 'negative regulation of signal transduction', 'angiogenesis', 'cell migration', 'negative regulation of apoptotic process', 'cell differentiation']"
YES1,"['cellular protein modification process', 'positive regulation of transcription by RNA polymerase II', 'positive regulation of peptidyl-tyrosine phosphorylation', 'cellular response to retinoic acid', 'cell differentiation']"
BTK,"['mesoderm development', 'Fc-epsilon receptor signaling pathway', 'apoptotic signaling pathway', 'positive regulation of NF-kappaB transcription factor activity', 'MyD88-dependent toll-like receptor signaling pathway', 'negative regulation of B cell proliferation', 'T cell receptor signaling pathway', 'transcription, DNA-templated', 'cell maturation', 'positive regulation of B cell differentiation']"
SIK2,[]
BRD2,"['transcription, DNA-templated', 'spermatogenesis', 'regulation of transcription by RNA polymerase II']"
TNK2,"['positive regulation of peptidyl-tyrosine phosphorylation', 'small GTPase mediated signal transduction', 'cell surface receptor signaling pathway', 'endocytosis', 'regulation of cell proliferation', 'cell differentiation']"
AK1,['nucleobase-containing small molecule interconversion']
PBK,[]
PDGFRB,"['positive regulation of phosphatidylinositol 3-kinase signaling', 'male gonad development', 'response to retinoic acid', 'wound healing', 'response to hydrogen peroxide', 'positive regulation of protein kinase B signaling', 'positive regulation of MAP kinase activity', 'positive regulation of cell proliferation', 'MAPK cascade', 'negative regulation of signal transduction', 'cell migration', 'negative regulation of apoptotic process', 'positive regulation of apoptotic process', 'cell differentiation']"
CDK20,['multicellular organism development']
ADRBK1,"['viral entry into host cell', 'heart development', 'viral genome replication']"
DDR1,"['negative regulation of cell proliferation', 'cell adhesion', 'negative regulation of signal transduction', 'negative regulation of apoptotic process', 'extracellular matrix organization', 'cell differentiation']"
IKBKE,"['positive regulation of I-kappaB kinase/NF-kappaB signaling', 'immune response', 'response to type I interferon', 'protein homooligomerization', 'intrinsic apoptotic signaling pathway in response to DNA damage']"
CSNK1D,"['Wnt signaling pathway', 'positive regulation of protein phosphorylation']"
EPHB1,"['axon guidance', 'neurogenesis', 'cell-substrate adhesion', 'immunological synapse formation', 'negative regulation of signal transduction', 'angiogenesis', 'negative regulation of apoptotic process', 'cell differentiation']"
MAPKAPK5,['MAPK cascade']
TESK1,"['spermatogenesis', 'actin cytoskeleton organization']"
LYN,"['cellular response to DNA damage stimulus', 'negative regulation of cell proliferation', 'positive regulation of cell proliferation', 'Fc-epsilon receptor signaling pathway', 'blood coagulation', 'negative regulation of B cell proliferation', 'neuron projection development', 'regulation of release of sequestered calcium ion into cytosol', 'cellular response to retinoic acid', 'negative regulation of protein phosphorylation', 'positive regulation of protein phosphorylation', 'negative regulation of toll-like receptor 4 signaling pathway', 'positive regulation of stress-activated protein kinase signaling cascade', 'response to drug', 'cell differentiation']"
CSNK1G2,"['endocytosis', 'sphingolipid biosynthetic process']"
TP53RK,[]
MYLK2,"['skeletal muscle cell differentiation', 'positive regulation of gene expression']"
BMPR1B,"['retina development in camera-type eye', 'transforming growth factor beta receptor signaling pathway', 'positive regulation of transcription by RNA polymerase II', 'inflammatory response', 'skeletal system development', 'cartilage condensation', 'BMP signaling pathway', 'positive regulation of cell differentiation', 'limb morphogenesis']"
PTK6,"['negative regulation of signal transduction', 'cell migration', 'cellular response to retinoic acid', 'cell differentiation']"
CDK16,"['regulation of insulin secretion involved in cellular response to glucose stimulus', 'neuron projection development', 'spermatogenesis', 'regulation of cell cycle']"
UHMK1,"['cell cycle arrest', 'neuron projection development']"
NLK,"['transforming growth factor beta receptor signaling pathway', 'MAPK cascade', 'transcription, DNA-templated', 'regulation of transcription, DNA-templated', 'regulation of gene expression', 'negative regulation of Wnt signaling pathway', 'protein stabilization']"
MAPK10,"['Fc-epsilon receptor signaling pathway', 'regulation of gene expression']"
PRKDC,"['intrinsic apoptotic signaling pathway in response to DNA damage', 'cellular response to DNA damage stimulus', 'protein ubiquitination', 'cell proliferation', 'cellular protein modification process', 'positive regulation of transcription by RNA polymerase II', 'cellular response to insulin stimulus', 'heart development', 'negative regulation of protein phosphorylation', 'negative regulation of apoptotic process', 'positive regulation of apoptotic process']"
MAP4K3,[]
IGF1R,"['positive regulation of cell proliferation', 'immune response', 'negative regulation of signal transduction', 'protein tetramerization', 'negative regulation of apoptotic process', 'glucose homeostasis', 'cell differentiation']"
FES,"['cell proliferation', 'regulation of cell shape', 'multicellular organism development', 'cell adhesion', 'chemotaxis', 'regulation of cell proliferation']"
NEK10,['positive regulation of MAP kinase activity']
FYN,"['positive regulation of phosphatidylinositol 3-kinase signaling', 'axon guidance', 'response to hydrogen peroxide', 'vascular endothelial growth factor receptor signaling pathway', 'detection of mechanical stimulus involved in sensory perception of pain', 'positive regulation of protein kinase B signaling', 'positive regulation of I-kappaB kinase/NF-kappaB signaling', 'blood coagulation', 'dendrite morphogenesis', 'MAPK cascade', 'cytokine-mediated signaling pathway', 'calcium ion transport', 'T cell receptor signaling pathway', 'negative regulation of extrinsic apoptotic signaling pathway in absence of ligand', 'forebrain development', 'negative regulation of gene expression', 'regulation of cell shape', 'cell differentiation']"
MAPK9,"['Fc-epsilon receptor signaling pathway', 'positive regulation of gene expression', 'positive regulation of apoptotic process', 'regulation of gene expression', 'positive regulation of apoptotic signaling pathway']"
NUAK2,"['negative regulation of apoptotic process', 'apoptotic process', 'actin cytoskeleton organization']"
MAP3K13,"['activation of JUN kinase activity', 'positive regulation of NF-kappaB transcription factor activity', 'MAPK cascade']"
BRSK1,"['neuron differentiation', 'cellular response to DNA damage stimulus', 'neurotransmitter secretion', 'centrosome duplication']"
STYK1,['regulation of cell proliferation']
INSRR,"['negative regulation of signal transduction', 'negative regulation of apoptotic process', 'glucose homeostasis', 'cell differentiation', 'actin cytoskeleton reorganization']"
PRKCH,['positive regulation of NF-kappaB transcription factor activity']
TIE1,"['negative regulation of angiogenesis', 'mesoderm development', 'response to retinoic acid', 'negative regulation of signal transduction', 'angiogenesis', 'in utero embryonic development', 'negative regulation of apoptotic process', 'cell differentiation', 'negative regulation of cell migration']"
JAK3,"['MAPK cascade', 'cytokine-mediated signaling pathway', 'positive regulation of T cell proliferation']"
FGR,"['regulation of cell shape', 'positive regulation of phosphatidylinositol 3-kinase signaling', 'cell differentiation']"
BUB1,"['cell proliferation', 'mitotic spindle assembly checkpoint', 'apoptotic process']"
VRK1,[]
MAP3K8,['interleukin-1-mediated signaling pathway']
PASK,['energy homeostasis']
MAP2K6,"['cell cycle arrest', 'MAPK cascade', 'apoptotic process', 'transcription, DNA-templated', 'regulation of transcription, DNA-templated', 'DNA damage induced protein phosphorylation', 'response to drug', 'positive regulation of apoptotic process']"
MAPK15,"['positive regulation of cell proliferation', 'MAPK cascade', 'cellular response to DNA damage stimulus', 'regulation of gene expression', 'negative regulation of cell migration']"
EGFR,"['positive regulation of NIK/NF-kappaB signaling', 'cerebral cortex cell migration', 'positive regulation of transcription, DNA-templated', 'response to osmotic stress', 'negative regulation of mitotic cell cycle', 'positive regulation of protein kinase B signaling', 'cell proliferation', 'positive regulation of MAP kinase activity', 'positive regulation of cell proliferation', 'positive regulation of transcription by RNA polymerase II', 'MAPK cascade', 'positive regulation of phosphorylation', 'positive regulation of protein phosphorylation', 'epidermal growth factor receptor signaling pathway', 'learning or memory', 'wound healing', 'ossification', 'translation', 'viral entry into host cell', 'salivary gland morphogenesis', 'negative regulation of signal transduction', 'lung development', 'cell surface receptor signaling pathway', 'regulation of transcription by RNA polymerase II', 'negative regulation of apoptotic process', 'cell differentiation']"
CLK4,[]
STK4,"['positive regulation of protein binding', 'negative regulation of cell proliferation', 'positive regulation of fat cell differentiation', 'branching involved in blood vessel morphogenesis', 'apoptotic process', 'cell morphogenesis', 'positive regulation of protein phosphorylation', 'positive regulation of apoptotic process', 'protein stabilization']"
ACVR1,"['transforming growth factor beta receptor signaling pathway', 'activin receptor signaling pathway', 'in utero embryonic development', 'positive regulation of transcription, DNA-templated', 'BMP signaling pathway', 'negative regulation of activin receptor signaling pathway', 'positive regulation of transcription by RNA polymerase II', 'heart development', 'negative regulation of signal transduction', 'branching involved in blood vessel morphogenesis', 'determination of left/right symmetry', 'negative regulation of extrinsic apoptotic signaling pathway', 'regulation of ossification']"
MAST3,[]
PFKP,"['canonical glycolysis', 'protein complex oligomerization']"
MKNK1,[]
STK11,"['cell cycle arrest', 'negative regulation of cell growth', 'cellular response to DNA damage stimulus', 'positive regulation of autophagy', 'glucose homeostasis', 'TCR signalosome assembly', 'negative regulation of cell proliferation', 'canonical Wnt signaling pathway', 'positive regulation of peptidyl-tyrosine phosphorylation', 'T cell receptor signaling pathway', 'spermatogenesis', 'positive regulation of transforming growth factor beta receptor signaling pathway']"
NME7,[]
PIK3CA,"['epidermal growth factor receptor signaling pathway', 'axon guidance', 'energy homeostasis', 'vascular endothelial growth factor receptor signaling pathway', 'regulation of gene expression', 'positive regulation of protein kinase B signaling', 'Fc-epsilon receptor signaling pathway', 'angiogenesis', 'cytokine-mediated signaling pathway', 'cell migration', 'T cell receptor signaling pathway']"
CDKL3,"['negative regulation of axon extension', 'cellular protein modification process', 'regulation of cell cycle']"
AGK,['ceramide biosynthetic process']
NEK2,"['chromosome segregation', 'centrosome separation']"
MYLK,['muscle contraction']
PRPF4B,['regulation of cell cycle']
NME2,"['nucleobase-containing small molecule interconversion', 'protein complex oligomerization', 'peptidyl-histidine phosphorylation', 'cell adhesion', 'positive regulation of transcription by RNA polymerase II', 'transcription, DNA-templated', 'regulation of transcription, DNA-templated', 'negative regulation of apoptotic process']"
TSSK4,"['multicellular organism development', 'spermatogenesis', 'cell differentiation']"
ROR1,"['positive regulation of I-kappaB kinase/NF-kappaB signaling', 'positive regulation of NF-kappaB transcription factor activity', 'sensory perception of sound', 'negative regulation of signal transduction', 'negative regulation of apoptotic process', 'cell differentiation']"
PAK7,"['cell proliferation', 'regulation of MAPK cascade', 'locomotory behavior', 'apoptotic process', 'negative regulation of extrinsic apoptotic signaling pathway', 'cell migration']"
CDK5,"['negative regulation of transcription, DNA-templated', 'neuron apoptotic process', 'excitatory postsynaptic potential', 'chemical synaptic transmission', 'receptor clustering', 'cell proliferation', 'motor neuron axon guidance', 'positive regulation of neuron apoptotic process', 'dendrite morphogenesis', 'oligodendrocyte differentiation', 'neuron projection development', 'mitochondrion organization', 'negative regulation of axon extension', 'skeletal muscle tissue development', 'positive regulation of protein binding', 'visual learning', 'intracellular protein transport', 'neuron differentiation', 'regulation of apoptotic process', 'cell-matrix adhesion']"
ALK,"['cell proliferation', 'positive regulation of NF-kappaB transcription factor activity', 'negative regulation of signal transduction', 'regulation of apoptotic process', 'regulation of cell proliferation', 'negative regulation of apoptotic process', 'cell differentiation']"
PRKCI,"['positive regulation of NF-kappaB transcription factor activity', 'cellular response to insulin stimulus', 'cell migration', 'negative regulation of apoptotic process']"
STRADB,"['cell cycle arrest', 'negative regulation of extrinsic apoptotic signaling pathway in absence of ligand', 'cell morphogenesis', 'MAPK cascade']"
AXL,"['inflammatory response', 'Wnt signaling pathway', 'vascular endothelial growth factor receptor signaling pathway', 'positive regulation of protein kinase B signaling', 'viral entry into host cell', 'negative regulation of signal transduction', 'spermatogenesis', 'cell maturation', 'natural killer cell differentiation', 'negative regulation of apoptotic process', 'cell differentiation']"
CDK1,"['DNA repair', 'apoptotic process', 'protein localization to kinetochore', 'positive regulation of gene expression', 'cell proliferation', 'viral entry into host cell', 'cell migration', 'negative regulation of apoptotic process']"
ACVR1B,"['transforming growth factor beta receptor signaling pathway', 'transmembrane receptor protein serine/threonine kinase signaling pathway', 'positive regulation of transcription by RNA polymerase II', 'activin receptor signaling pathway', 'in utero embryonic development', 'negative regulation of cell growth', 'regulation of transcription, DNA-templated', 'negative regulation of gene expression']"
IRAK2,"['positive regulation of NF-kappaB transcription factor activity', 'inflammatory response', 'MyD88-dependent toll-like receptor signaling pathway', 'cytokine-mediated signaling pathway', 'interleukin-1-mediated signaling pathway']"
PDK1,"['cell proliferation', 'intrinsic apoptotic signaling pathway in response to oxidative stress']"
CABC1,[]
PKN2,"['cell adhesion', 'apoptotic process', 'epithelial cell migration', 'transcription, DNA-templated', 'regulation of transcription, DNA-templated']"
PDK2,['glucose homeostasis']
IRAK1,"['transmembrane receptor protein serine/threonine kinase signaling pathway', 'positive regulation of NF-kappaB transcription factor activity', 'MyD88-dependent toll-like receptor signaling pathway', 'positive regulation of transcription, DNA-templated', 'toll-like receptor 4 signaling pathway', 'protein complex oligomerization', 'positive regulation of MAP kinase activity', 'positive regulation of I-kappaB kinase/NF-kappaB signaling', 'cytokine-mediated signaling pathway', 'negative regulation of apoptotic process', 'interleukin-1-mediated signaling pathway']"
PLK4,[]
MAP3K14,"['positive regulation of I-kappaB kinase/NF-kappaB signaling', 'MAPK cascade', 'immune response', 'defense response to virus']"
PLK3,"['negative regulation of transcription by RNA polymerase II', 'apoptotic process', 'response to osmotic stress', 'cellular response to DNA damage stimulus', 'negative regulation of apoptotic process']"
RIOK3,"['chromosome segregation', 'negative regulation of I-kappaB kinase/NF-kappaB signaling', 'positive regulation of innate immune response', 'defense response to virus']"
STK24,"['MAPK cascade', 'intrinsic apoptotic signaling pathway in response to oxidative stress', 'response to hydrogen peroxide', 'negative regulation of cell migration']"
PRKY,[]
CSNK1G3,"['cellular protein modification process', 'endocytosis']"
ADCK4,[]
MAP3K7,"['transforming growth factor beta receptor signaling pathway', 'Fc-epsilon receptor signaling pathway', 'positive regulation of I-kappaB kinase/NF-kappaB signaling', 'positive regulation of NF-kappaB transcription factor activity', 'MyD88-dependent toll-like receptor signaling pathway', 'T cell receptor signaling pathway', 'positive regulation of macroautophagy', 'transcription, DNA-templated', 'interleukin-1-mediated signaling pathway']"
PIP5K1B,[]
PHKG1,[]
JAK1,"['MAPK cascade', 'cytokine-mediated signaling pathway', 'interleukin-6-mediated signaling pathway']"
PFKM,"['positive regulation of transcription by RNA polymerase II', 'canonical glycolysis', 'glucose homeostasis', 'protein complex oligomerization']"
RPS6KA4,"['regulation of transcription, DNA-templated', 'positive regulation of transcription by RNA polymerase II', 'positive regulation of NF-kappaB transcription factor activity', 'inflammatory response', 'interleukin-1-mediated signaling pathway']"
TAOK1,"['DNA repair', 'activation of JUN kinase activity', 'cellular response to DNA damage stimulus']"
CDK13,"['multicellular organism development', 'positive regulation of cell proliferation', 'positive regulation of transcription by RNA polymerase II']"
EEF2K,"['cellular response to insulin stimulus', 'negative regulation of apoptotic process']"
RYK,"['axon guidance', 'neurogenesis', 'negative regulation of signal transduction', 'Wnt signaling pathway', 'canonical Wnt signaling pathway', 'commissural neuron axon guidance', 'neuron differentiation', 'neuron projection development', 'negative regulation of apoptotic process', 'cell differentiation']"
MAP2K1,"['cell cycle arrest', 'positive regulation of transcription, DNA-templated', 'neuron differentiation', 'negative regulation of gene expression', 'positive regulation of gene expression', 'negative regulation of cell proliferation', 'MAPK cascade', 'chemotaxis', 'heart development', 'ERK1 and ERK2 cascade']"
PDXK,['cell proliferation']
LATS2,['positive regulation of apoptotic process']
PAK2,"['regulation of MAPK cascade', 'positive regulation of protein tyrosine kinase activity', 'Fc-epsilon receptor signaling pathway', 'negative regulation of protein kinase activity', 'apoptotic process', 'positive regulation of peptidyl-tyrosine phosphorylation', 'T cell receptor signaling pathway', 'vascular endothelial growth factor receptor signaling pathway', 'negative regulation of apoptotic process']"
CDK6,"['cell cycle arrest', 'negative regulation of cell proliferation', 'positive regulation of cell-matrix adhesion', 'regulation of gene expression']"
PRKACB,['blood coagulation']
DSTYK,"['negative regulation of apoptotic process', 'positive regulation of kinase activity']"
HCK,"['regulation of cell shape', 'positive regulation of cell proliferation', 'mesoderm development', 'cell adhesion', 'inflammatory response', 'cytokine-mediated signaling pathway', 'negative regulation of apoptotic process', 'cell differentiation']"
IRAK3,"['positive regulation of NF-kappaB transcription factor activity', 'MyD88-dependent toll-like receptor signaling pathway', 'cytokine-mediated signaling pathway', 'negative regulation of toll-like receptor signaling pathway', 'interleukin-1-mediated signaling pathway']"
PRKD2,"['positive regulation of DNA-binding transcription factor activity', 'positive regulation of NF-kappaB transcription factor activity', 'positive regulation of angiogenesis', 'sphingolipid biosynthetic process', 'vascular endothelial growth factor receptor signaling pathway', 'cell adhesion', 'positive regulation of transcription by RNA polymerase II', 'angiogenesis', 'T cell receptor signaling pathway', 'positive regulation of endothelial cell proliferation']"
PKMYT1,['regulation of cyclin-dependent protein serine/threonine kinase activity']
ERBB2,"['neuromuscular junction development', 'wound healing', 'positive regulation of protein kinase B signaling', 'cell proliferation', 'positive regulation of MAP kinase activity', 'motor neuron axon guidance', 'myelination', 'MAPK cascade', 'heart development', 'negative regulation of signal transduction', 'oligodendrocyte differentiation', 'transcription, DNA-templated', 'cell surface receptor signaling pathway', 'regulation of transcription by RNA polymerase II', 'negative regulation of apoptotic process', 'positive regulation of protein phosphorylation', 'cell differentiation']"
ATM,"['cell cycle arrest', 'mitotic spindle assembly checkpoint', 'response to hypoxia', 'apoptotic process', 'regulation of apoptotic process', 'intrinsic apoptotic signaling pathway in response to DNA damage', 'cellular response to DNA damage stimulus', 'DNA damage induced protein phosphorylation', 'positive regulation of neuron apoptotic process', 'negative regulation of B cell proliferation', 'positive regulation of apoptotic process']"
TTN,"['muscle contraction', 'positive regulation of protein secretion', 'positive regulation of gene expression']"
TLK2,"['chromosome segregation', 'cellular response to DNA damage stimulus']"
TBK1,"['positive regulation of I-kappaB kinase/NF-kappaB signaling', 'positive regulation of transcription by RNA polymerase II', 'inflammatory response', 'defense response to virus', 'positive regulation of macroautophagy', 'negative regulation of gene expression']"
GRK5,"['positive regulation of cell proliferation', 'fat cell differentiation', 'negative regulation of apoptotic process', 'apoptotic process', 'Wnt signaling pathway', 'regulation of cell cycle']"
TXK,"['transcription by RNA polymerase II', 'positive regulation of transcription by RNA polymerase II', 'regulation of transcription by RNA polymerase II', 'T cell receptor signaling pathway']"
PI4KA,[]
SRMS,"['negative regulation of signal transduction', 'cell differentiation']"
CASK,"['cell adhesion', 'neurotransmitter secretion']"
ERBB4,"['positive regulation of phosphatidylinositol 3-kinase signaling', 'positive regulation of transcription, DNA-templated', 'positive regulation of protein localization to cell surface', 'positive regulation of protein kinase B signaling', 'cell proliferation', 'negative regulation of cell proliferation', 'positive regulation of cell proliferation', 'nervous system development', 'MAPK cascade', 'heart development', 'negative regulation of signal transduction', 'cell migration', 'negative regulation of neuron migration', 'transcription, DNA-templated', 'negative regulation of apoptotic process', 'positive regulation of protein phosphorylation', 'positive regulation of apoptotic process', 'cell fate commitment', 'cell differentiation']"
SRC,"['positive regulation of phosphatidylinositol 3-kinase signaling', 'axon guidance', 'negative regulation of transcription, DNA-templated', 'positive regulation of transcription, DNA-templated', 'response to hydrogen peroxide', 'vascular endothelial growth factor receptor signaling pathway', 'positive regulation of protein kinase B signaling', 'cell proliferation', 'positive regulation of MAP kinase activity', 'positive regulation of peptidyl-tyrosine phosphorylation', 'negative regulation of extrinsic apoptotic signaling pathway', 'epidermal growth factor receptor signaling pathway', 'transforming growth factor beta receptor signaling pathway', 'forebrain development', 'negative regulation of cysteine-type endopeptidase activity involved in apoptotic process', 'cellular response to insulin stimulus', 'negative regulation of apoptotic process', 'positive regulation of apoptotic process', 'cell differentiation']"
FN3KRP,[]
STK25,"['MAPK cascade', 'response to hydrogen peroxide']"
PRKCD,"['negative regulation of protein binding', 'apoptotic process', 'intrinsic apoptotic signaling pathway in response to oxidative stress', 'defense response to bacterium', 'negative regulation of insulin receptor signaling pathway', 'negative regulation of actin filament polymerization', 'protein stabilization', 'positive regulation of apoptotic signaling pathway']"
PKM2,"['cellular response to insulin stimulus', 'response to hypoxia', 'protein homotetramerization', 'canonical glycolysis', 'programmed cell death']"
STK38L,[]
EPHA8,"['axon guidance', 'cell adhesion', 'negative regulation of signal transduction', 'neuron projection development', 'negative regulation of apoptotic process', 'cell differentiation']"
FGFR1,"['positive regulation of phosphatidylinositol 3-kinase signaling', 'sensory perception of sound', 'midbrain development', 'skeletal system development', 'in utero embryonic development', 'positive regulation of mesenchymal cell proliferation', 'inner ear morphogenesis', 'positive regulation of protein kinase B signaling', 'positive regulation of MAP kinase activity', 'positive regulation of cell proliferation', 'negative regulation of transcription by RNA polymerase II', 'MAPK cascade', 'embryonic limb morphogenesis', 'negative regulation of signal transduction', 'angiogenesis', 'cell migration', 'transcription, DNA-templated', 'cell maturation', 'ureteric bud development', 'negative regulation of apoptotic process', 'cell differentiation']"
TNIK,"['MAPK cascade', 'Wnt signaling pathway', 'actin cytoskeleton reorganization', 'positive regulation of protein phosphorylation']"
SIK1,[]
EPHB2,"['axon guidance', 'learning or memory', 'positive regulation of gene expression', 'inner ear morphogenesis', 'nervous system development', 'negative regulation of signal transduction', 'angiogenesis', 'commissural neuron axon guidance', 'negative regulation of protein phosphorylation', 'negative regulation of apoptotic process', 'cell differentiation']"
CAMKK2,"['MAPK cascade', 'positive regulation of transcription, DNA-templated', 'positive regulation of protein phosphorylation']"
TEC,"['Fc-epsilon receptor signaling pathway', 'cytokine-mediated signaling pathway', 'positive regulation of peptidyl-tyrosine phosphorylation', 'T cell receptor signaling pathway']"
TRPM7,['protein tetramerization']
PKN3,['epithelial cell migration']
ICK,"['cilium assembly', 'multicellular organism development', 'regulation of gene expression']"
PFKL,"['protein homotetramerization', 'canonical glycolysis', 'protein complex oligomerization']"
CAMK1D,"['inflammatory response', 'negative regulation of apoptotic process', 'positive regulation of apoptotic process']"
ULK2,[]
SGK2,['regulation of cell proliferation']
CAMK2D,"['protein complex oligomerization', 'MAPK cascade', 'regulation of heart contraction', 'regulation of transcription by RNA polymerase II']"
CAMKK1,[]
DDR2,"['cell adhesion', 'positive regulation of DNA-binding transcription factor activity', 'negative regulation of signal transduction', 'ossification', 'negative regulation of apoptotic process', 'extracellular matrix organization', 'cell differentiation', 'collagen fibril organization']"
PIP5K1A,"['activation of GTPase activity', 'cell migration', 'actin cytoskeleton reorganization']"
CLK3,[]
EPHA10,"['negative regulation of signal transduction', 'negative regulation of apoptotic process', 'cell differentiation']"
OXSR1,[]
SYK,"['activation of JUN kinase activity', 'defense response to bacterium', 'positive regulation of B cell differentiation', 'animal organ morphogenesis', 'protein import into nucleus', 'cell proliferation', 'Fc-epsilon receptor signaling pathway', 'angiogenesis']"
GSK3A,"['dopamine receptor signaling pathway', 'Wnt signaling pathway', 'excitatory postsynaptic potential', 'negative regulation of insulin receptor signaling pathway', 'positive regulation of gene expression', 'nervous system development', 'cellular response to insulin stimulus', 'negative regulation of glucose import']"
TEK,"['negative regulation of angiogenesis', 'positive regulation of phosphatidylinositol 3-kinase signaling', 'sprouting angiogenesis', 'positive regulation of angiogenesis', 'response to hypoxia', 'cell-cell signaling', 'protein complex oligomerization', 'positive regulation of protein kinase B signaling', 'MAPK cascade', 'heart development', 'negative regulation of signal transduction', 'angiogenesis', 'negative regulation of apoptotic process', 'positive regulation of protein phosphorylation', 'cell differentiation', 'positive regulation of endothelial cell proliferation']"
LCK,"['cellular zinc ion homeostasis', 'positive regulation of protein kinase B signaling', 'T cell receptor signaling pathway', 'response to drug', 'cell differentiation']"
CAMK4,"['inflammatory response', 'positive regulation of transcription, DNA-templated']"
RPS6KA3,"['positive regulation of transcription by RNA polymerase II', 'skeletal system development', 'negative regulation of cysteine-type endopeptidase activity involved in apoptotic process', 'apoptotic process', 'positive regulation of cell differentiation', 'negative regulation of apoptotic process']"
MARK2,['Wnt signaling pathway']
PRKCQ,"['Fc-epsilon receptor signaling pathway', 'axon guidance', 'positive regulation of NF-kappaB transcription factor activity', 'inflammatory response', 'T cell receptor signaling pathway', 'regulation of transcription, DNA-templated', 'positive regulation of T cell proliferation', 'negative regulation of insulin receptor signaling pathway']"
KALRN,"['nervous system development', 'adult locomotory behavior', 'neuromuscular junction development', 'Rho protein signal transduction', 'positive regulation of apoptotic process']"
HIPK1,"['positive regulation of cell proliferation', 'anterior/posterior pattern specification', 'positive regulation of angiogenesis', 'transcription, DNA-templated', 'neuron differentiation', 'regulation of transcription, DNA-templated', 'smoothened signaling pathway', 'adherens junction assembly']"
PRKG2,[]
STK40,"['regulation of MAPK cascade', 'negative regulation of apoptotic process', 'regulation of gene expression']"
CSNK2A1,"['positive regulation of cell proliferation', 'negative regulation of cysteine-type endopeptidase activity involved in apoptotic process', 'apoptotic process', 'Wnt signaling pathway', 'transcription, DNA-templated', 'regulation of transcription, DNA-templated', 'negative regulation of apoptotic signaling pathway']"
RPS6KA2,"['negative regulation of cell proliferation', 'positive regulation of apoptotic process']"
FGFR3,"['skeletal system development', 'negative regulation of developmental growth', 'cell-cell signaling', 'positive regulation of protein kinase B signaling', 'positive regulation of cell proliferation', 'MAPK cascade', 'negative regulation of signal transduction', 'negative regulation of apoptotic process', 'cell differentiation']"
TAOK3,"['DNA repair', 'cellular response to DNA damage stimulus', 'negative regulation of JNK cascade', 'negative regulation of protein kinase activity', 'MAPK cascade']"
GRK7,[]
DAPK3,"['regulation of cell shape', 'apoptotic signaling pathway', 'apoptotic process', 'negative regulation of translation', 'positive regulation of extrinsic apoptotic signaling pathway in absence of ligand', 'transcription, DNA-templated', 'neuron differentiation', 'regulation of apoptotic process', 'positive regulation of apoptotic process', 'cellular response to interferon-gamma', 'regulation of actin cytoskeleton reorganization']"
MAP3K4,"['MAPK cascade', 'regulation of gene expression']"
HIPK3,"['regulation of transcription, DNA-templated', 'negative regulation of apoptotic process', 'apoptotic process']"
FGFR4,"['positive regulation of cell proliferation', 'MAPK cascade', 'negative regulation of signal transduction', 'angiogenesis', 'cell migration', 'positive regulation of gene expression', 'negative regulation of apoptotic process', 'glucose homeostasis', 'cell differentiation', 'regulation of lipid metabolic process', 'positive regulation of protein kinase B signaling']"
CDKL5,"['regulation of cell cycle', 'positive regulation of dendritic spine development', 'positive regulation of axon extension']"
LIMK2,"['spermatogenesis', 'actin cytoskeleton organization']"
RIPK3,"['cellular protein modification process', 'apoptotic signaling pathway', 'positive regulation of NF-kappaB transcription factor activity', 'protein homooligomerization']"
PRKD3,['sphingolipid biosynthetic process']
KHK,[]
ERBB3,"['positive regulation of phosphatidylinositol 3-kinase signaling', 'positive regulation of protein tyrosine kinase activity', 'wound healing', 'positive regulation of calcineurin-NFAT signaling cascade', 'neuron apoptotic process', 'Schwann cell differentiation', 'positive regulation of gene expression', 'positive regulation of protein kinase B signaling', 'MAPK cascade', 'heart development', 'negative regulation of signal transduction', 'regulation of cell proliferation', 'negative regulation of apoptotic process', 'cell differentiation']"
TAOK2,"['regulation of cell shape', 'apoptotic process', 'cell migration', 'cellular response to DNA damage stimulus', 'actin cytoskeleton organization']"
IKBKB,"['Fc-epsilon receptor signaling pathway', 'positive regulation of I-kappaB kinase/NF-kappaB signaling', 'positive regulation of transcription by RNA polymerase II', 'positive regulation of NF-kappaB transcription factor activity', 'inflammatory response', 'MyD88-independent toll-like receptor signaling pathway', 'positive regulation of transcription, DNA-templated', 'T cell receptor signaling pathway', 'negative regulation of apoptotic process', 'interleukin-1-mediated signaling pathway']"
ROCK2,"['negative regulation of angiogenesis', 'Rho protein signal transduction', 'vascular endothelial growth factor receptor signaling pathway', 'centrosome duplication', 'positive regulation of gene expression', 'positive regulation of protein phosphorylation']"
LRRK1,['positive regulation of peptidyl-tyrosine phosphorylation']
PIK3CG,"['inflammatory response', 'endocytosis', 'positive regulation of protein kinase B signaling', 'positive regulation of MAP kinase activity', 'angiogenesis', 'cell migration']"
CDK3,"['cell proliferation', 'cellular response to DNA damage stimulus']"
ADRBK2,[]
BRD3,"['transcription, DNA-templated', 'regulation of transcription by RNA polymerase II']"
BUB1B,"['cell proliferation', 'mitotic spindle assembly checkpoint', 'apoptotic process', 'protein localization to kinetochore', 'metaphase/anaphase transition of mitotic cell cycle']"
BMPR2,"['anterior/posterior pattern specification', 'transforming growth factor beta receptor signaling pathway', 'transcription by RNA polymerase II', 'transmembrane receptor protein serine/threonine kinase signaling pathway', 'activin receptor signaling pathway', 'negative regulation of cell growth', 'BMP signaling pathway', 'positive regulation of ossification', 'positive regulation of transcription by RNA polymerase II', 'regulation of cell proliferation', 'positive regulation of endothelial cell proliferation']"
PIP4K2A,[]
PRKACG,"['male gonad development', 'spermatogenesis', 'blood coagulation']"
PGK1,"['negative regulation of angiogenesis', 'myoblast fusion', 'chemical synaptic transmission', 'canonical glycolysis']"
CAMK1,"['positive regulation of syncytium formation by plasma membrane fusion', 'positive regulation of transcription by RNA polymerase II', 'negative regulation of protein binding', 'positive regulation of muscle cell differentiation', 'positive regulation of protein export from nucleus', 'positive regulation of dendritic spine development']"
CLK2,['response to retinoic acid']
MAP3K5,"['activation of JUN kinase activity', 'apoptotic signaling pathway', 'positive regulation of myoblast differentiation', 'MAPK cascade', 'wound healing', 'positive regulation of transcription, DNA-templated', 'intrinsic apoptotic signaling pathway in response to oxidative stress', 'positive regulation of cysteine-type endopeptidase activity involved in apoptotic process', 'positive regulation of apoptotic process']"
TGFBR2,"['transforming growth factor beta receptor signaling pathway', 'positive regulation of angiogenesis', 'wound healing', 'response to hypoxia', 'in utero embryonic development', 'apoptotic process', 'smoothened signaling pathway', 'positive regulation of mesenchymal cell proliferation', 'regulation of gene expression', 'positive regulation of NK T cell differentiation', 'positive regulation of CD4-positive, alpha-beta T cell proliferation', 'positive regulation of cell proliferation', 'heart development', 'branching involved in blood vessel morphogenesis', 'regulation of cell proliferation', 'response to drug', 'negative regulation of transforming growth factor beta receptor signaling pathway']"
NEK6,"['positive regulation of I-kappaB kinase/NF-kappaB signaling', 'chromosome segregation', 'apoptotic process']"
SRPK3,"['skeletal muscle tissue development', 'cell differentiation', 'regulation of gene expression']"
DCLK2,[]
CDK12,"['positive regulation of transcription by RNA polymerase II', 'regulation of cell cycle']"
STK3,"['positive regulation of protein binding', 'negative regulation of cell proliferation', 'positive regulation of fat cell differentiation', 'positive regulation of DNA-binding transcription factor activity', 'apoptotic process', 'positive regulation of apoptotic process', 'protein stabilization', 'positive regulation of protein kinase B signaling']"
BRAF,"['animal organ morphogenesis', 'MAPK cascade', 'positive regulation of gene expression', 'negative regulation of apoptotic process']"
MKNK2,['cell surface receptor signaling pathway']
PRKD1,"['positive regulation of NF-kappaB transcription factor activity', 'positive regulation of angiogenesis', 'inflammatory response', 'apoptotic process', 'sphingolipid biosynthetic process', 'positive regulation of autophagy', 'vascular endothelial growth factor receptor signaling pathway', 'cell proliferation', 'positive regulation of I-kappaB kinase/NF-kappaB signaling', 'positive regulation of transcription by RNA polymerase II', 'angiogenesis', 'regulation of protein stability', 'positive regulation of endothelial cell proliferation']"
CDK7,"['cell cycle arrest', 'cell proliferation', 'transcription by RNA polymerase II', 'positive regulation of transcription by RNA polymerase II', 'regulation of cyclin-dependent protein serine/threonine kinase activity', 'positive regulation of transcription, DNA-templated', 'protein stabilization']"
ERN1,"['cell cycle arrest', 'activation of JUN kinase activity', 'mRNA catabolic process', 'transcription, DNA-templated', 'regulation of transcription, DNA-templated']"
CSK,"['positive regulation of MAP kinase activity', 'negative regulation of cell proliferation', 'negative regulation of kinase activity', 'T cell receptor signaling pathway', 'oligodendrocyte differentiation']"
MYLK3,[]
CAMK2B,['MAPK cascade']
TRIM28,"['DNA repair', 'protein sumoylation', 'positive regulation of DNA binding', 'negative regulation of transcription by RNA polymerase II', 'negative regulation of transcription, DNA-templated', 'positive regulation of transcription, DNA-templated', 'protein complex oligomerization', 'protein ubiquitination']"
MAPK11,"['transcription, DNA-templated', 'regulation of transcription, DNA-templated', 'positive regulation of gene expression', 'regulation of gene expression', 'positive regulation of muscle cell differentiation']"
LIMK1,"['nervous system development', 'negative regulation of ubiquitin-protein transferase activity', 'positive regulation of axon extension', 'Rho protein signal transduction', 'actin cytoskeleton organization']"
LRRK2,"['neuromuscular junction development', 'excitatory postsynaptic potential', 'regulation of membrane potential', 'positive regulation of MAP kinase activity', 'MAPK cascade', 'mitochondrion organization', 'negative regulation of protein phosphorylation', 'positive regulation of protein phosphorylation', 'positive regulation of protein binding', 'negative regulation of protein binding', 'endocytosis', 'positive regulation of autophagy', 'canonical Wnt signaling pathway', 'spermatogenesis']"
TRIB3,"['positive regulation of protein binding', 'negative regulation of protein kinase activity', 'negative regulation of transcription by RNA polymerase II', 'cellular response to insulin stimulus', 'negative regulation of transcription, DNA-templated', 'transcription, DNA-templated', 'regulation of lipid metabolic process', 'negative regulation of protein kinase B signaling']"
ARAF,"['cellular protein modification process', 'MAPK cascade', 'negative regulation of apoptotic process']"
CDK11B,"['cell proliferation', 'regulation of transcription, DNA-templated', 'apoptotic process']"
MOS,['MAPK cascade']
CDK17,['regulation of cell cycle']
MAP4K2,"['activation of JUN kinase activity', 'immune response']"
EPHA3,"['cell adhesion', 'negative regulation of signal transduction', 'cell migration', 'cellular response to retinoic acid', 'negative regulation of apoptotic process', 'cell differentiation']"
PTK2B,"['positive regulation of angiogenesis', 'response to hypoxia', 'response to osmotic stress', 'response to hydrogen peroxide', 'vascular endothelial growth factor receptor signaling pathway', 'positive regulation of cell-matrix adhesion', 'regulation of actin cytoskeleton reorganization', 'positive regulation of nitric oxide biosynthetic process', 'negative regulation of cell proliferation', 'positive regulation of cell proliferation', 'MAPK cascade', 'angiogenesis', 'positive regulation of peptidyl-tyrosine phosphorylation', 'neuron projection development', 'regulation of release of sequestered calcium ion into cytosol', 'cellular response to retinoic acid', 'epidermal growth factor receptor signaling pathway', 'sprouting angiogenesis', 'negative regulation of potassium ion transport', 'apoptotic process', 'long-term synaptic depression', 'response to cocaine', 'regulation of cell shape', 'activation of GTPase activity', 'cell surface receptor signaling pathway', 'regulation of cell proliferation', 'negative regulation of apoptotic process', 'chemokine-mediated signaling pathway', 'cell differentiation']"
RPS6KB1,"['apoptotic process', 'negative regulation of insulin receptor signaling pathway', 'cellular response to insulin stimulus', 'response to heat', 'cell migration', 'negative regulation of apoptotic process', 'negative regulation of extrinsic apoptotic signaling pathway', 'cellular response to interferon-gamma']"
SGK1,"['sodium ion transport', 'apoptotic process', 'regulation of apoptotic process', 'cellular response to DNA damage stimulus', 'regulation of blood pressure', 'regulation of cell proliferation']"
PAK4,"['cell proliferation', 'regulation of MAPK cascade', 'positive regulation of angiogenesis', 'apoptotic process', 'cell migration']"
CSF1R,"['positive regulation of protein tyrosine kinase activity', 'axon guidance', 'inflammatory response', 'regulation of actin cytoskeleton reorganization', 'cell proliferation', 'regulation of cell shape', 'multicellular organism development', 'negative regulation of cell proliferation', 'positive regulation of cell proliferation', 'negative regulation of signal transduction', 'cytokine-mediated signaling pathway', 'negative regulation of apoptotic process', 'positive regulation of protein phosphorylation', 'cell differentiation']"
EPHA7,"['positive regulation of neuron apoptotic process', 'negative regulation of signal transduction', 'apoptotic process', 'negative regulation of apoptotic process', 'positive regulation of protein phosphorylation', 'cell differentiation']"
SRPK1,"['chromosome segregation', 'negative regulation of viral genome replication', 'regulation of gene expression']"
FER,"['positive regulation of NF-kappaB transcription factor activity', 'regulation of lamellipodium assembly', 'cell proliferation', 'positive regulation of cell proliferation', 'Fc-epsilon receptor signaling pathway', 'cell adhesion', 'cellular response to insulin stimulus', 'chemotaxis', 'cytokine-mediated signaling pathway', 'interleukin-6-mediated signaling pathway', 'actin cytoskeleton reorganization', 'regulation of cell proliferation']"
TRIO,['positive regulation of apoptotic process']
PIK3CD,"['axon guidance', 'inflammatory response', 'negative regulation of gene expression', 'positive regulation of gene expression', 'positive regulation of protein kinase B signaling', 'cytokine-mediated signaling pathway', 'cell migration', 'T cell receptor signaling pathway', 'natural killer cell differentiation']"
WEE1,[]
PRKCE,"['regulation of insulin secretion involved in cellular response to glucose stimulus', 'apoptotic process', 'response to morphine', 'positive regulation of I-kappaB kinase/NF-kappaB signaling', 'cell adhesion', 'regulation of release of sequestered calcium ion into cytosol']"
PINK1,"['positive regulation of DNA-binding transcription factor activity', 'positive regulation of macroautophagy', 'positive regulation of protein kinase B signaling', 'positive regulation of I-kappaB kinase/NF-kappaB signaling', 'mitochondrion organization', 'positive regulation of protein phosphorylation', 'negative regulation of gene expression', 'protein ubiquitination', 'negative regulation of intrinsic apoptotic signaling pathway in response to hydrogen peroxide', 'negative regulation of JNK cascade', 'ubiquitin-dependent protein catabolic process', 'protein stabilization']"
PRKCB,"['positive regulation of I-kappaB kinase/NF-kappaB signaling', 'positive regulation of NF-kappaB transcription factor activity', 'positive regulation of angiogenesis', 'lipoprotein transport', 'apoptotic process', 'transcription, DNA-templated', 'negative regulation of insulin receptor signaling pathway', 'regulation of transcription by RNA polymerase II']"
STK17B,['apoptotic process']
NTRK3,"['positive regulation of phosphatidylinositol 3-kinase signaling', 'positive regulation of gene expression', 'activation of GTPase activity', 'positive regulation of cell proliferation', 'heart development', 'negative regulation of signal transduction', 'cellular response to retinoic acid', 'negative regulation of protein phosphorylation', 'negative regulation of apoptotic process', 'positive regulation of protein phosphorylation', 'positive regulation of apoptotic process', 'cell differentiation']"
MAP2K7,"['activation of JUN kinase activity', 'response to heat', 'apoptotic process', 'response to osmotic stress']"
MLKL,"['activation of JUN kinase activity', 'cell surface receptor signaling pathway', 'MAPK cascade', 'protein homotrimerization']"
CSNK1E,"['DNA repair', 'negative regulation of protein binding', 'canonical Wnt signaling pathway', 'endocytosis']"
ROR2,"['embryonic digit morphogenesis', 'cartilage condensation', 'positive regulation of transcription, DNA-templated', 'BMP signaling pathway', 'smoothened signaling pathway', 'inner ear morphogenesis', 'multicellular organism development', 'negative regulation of cell proliferation', 'negative regulation of signal transduction', 'negative regulation of apoptotic process', 'cell fate commitment', 'cell differentiation']"
PIM1,"['cell proliferation', 'multicellular organism development', 'cytokine-mediated signaling pathway', 'apoptotic process', 'negative regulation of DNA-binding transcription factor activity', 'negative regulation of apoptotic process']"
MAP3K6,['activation of JUN kinase activity']
NTRK2,"['positive regulation of phosphatidylinositol 3-kinase signaling', 'retina development in camera-type eye', 'neuromuscular junction development', 'neuron differentiation', 'retinal rod cell development', 'positive regulation of gene expression', 'positive regulation of cell proliferation', 'negative regulation of signal transduction', 'oligodendrocyte differentiation', 'negative regulation of apoptotic process', 'positive regulation of protein phosphorylation', 'cell differentiation']"
TYRO3,"['viral entry into host cell', 'cell adhesion', 'negative regulation of signal transduction', 'Wnt signaling pathway', 'negative regulation of toll-like receptor signaling pathway', 'spermatogenesis', 'natural killer cell differentiation', 'negative regulation of apoptotic process', 'cell differentiation']"
AK2,['nucleobase-containing small molecule interconversion']
PIK3R4,[]
PIP4K2B,['cell surface receptor signaling pathway']
TSSK2,"['multicellular organism development', 'spermatid development']"
CDK14,"['Wnt signaling pathway', 'regulation of cell cycle']"
PRKCG,"['learning or memory', 'response to pain', 'chemical synaptic transmission', 'response to morphine']"
EPHA2,"['negative regulation of angiogenesis', 'inflammatory response', 'skeletal system development', 'regulation of lamellipodium assembly', 'neuron differentiation', 'intrinsic apoptotic signaling pathway in response to DNA damage', 'negative regulation of protein kinase B signaling', 'viral entry into host cell', 'activation of GTPase activity', 'multicellular organism development', 'cell adhesion', 'negative regulation of signal transduction', 'osteoblast differentiation', 'cell migration', 'negative regulation of apoptotic process', 'cell differentiation']"
CKM,[]
AURKA,"['negative regulation of protein binding', 'anterior/posterior axis specification', 'regulation of protein stability', 'negative regulation of apoptotic process']"
MARK1,['Wnt signaling pathway']
EPHA5,"['regulation of insulin secretion involved in cellular response to glucose stimulus', 'axon guidance', 'negative regulation of signal transduction', 'negative regulation of apoptotic process', 'cell differentiation']"
ROCK1,"['negative regulation of angiogenesis', 'negative regulation of amyloid-beta formation', 'negative regulation of protein binding', 'apoptotic process', 'regulation of amyloid-beta formation', 'Rho protein signal transduction', 'positive regulation of autophagy', 'vascular endothelial growth factor receptor signaling pathway', 'positive regulation of gene expression', 'neuron projection development', 'actin cytoskeleton organization']"
DAPK2,"['regulation of apoptotic process', 'apoptotic process']"
CDK11A,"['apoptotic process', 'regulation of transcription, DNA-templated']"
DCLK3,[]
STK33,[]
PI4K2B,[]
MAP2K5,"['positive regulation of transcription by RNA polymerase II', 'negative regulation of transcription by RNA polymerase II', 'heart development', 'negative regulation of cysteine-type endopeptidase activity involved in apoptotic process', 'negative regulation of extrinsic apoptotic signaling pathway in absence of ligand']"
MAPK6,"['positive regulation of dendritic spine development', 'MAPK cascade', 'regulation of gene expression']"
HIPK4,[]
PDK3,[]
MARK3,"['positive regulation of protein binding', 'MAPK cascade']"
CDK4,"['regulation of gene expression', 'positive regulation of cell proliferation', 'cellular response to insulin stimulus', 'response to drug', 'positive regulation of apoptotic process']"
NTRK1,"['axon guidance', 'positive regulation of NF-kappaB transcription factor activity', 'learning or memory', 'detection of mechanical stimulus involved in sensory perception of pain', 'negative regulation of cell proliferation', 'negative regulation of signal transduction', 'negative regulation of apoptotic process', 'positive regulation of protein phosphorylation', 'cell differentiation']"
SIK3,[]
EPHA6,"['negative regulation of signal transduction', 'negative regulation of apoptotic process', 'cell differentiation']"
DYRK3,"['negative regulation of DNA damage response, signal transduction by p53 class mediator', 'negative regulation of apoptotic process']"
CSNK1G1,['endocytosis']
MATK,"['cell proliferation', 'positive regulation of cell proliferation', 'mesoderm development', 'regulation of cell proliferation']"
TEX14,"['mitotic spindle assembly checkpoint', 'negative regulation of protein binding', 'attachment of spindle microtubules to kinetochore', 'mitotic sister chromatid separation']"
MASTL,"['cellular response to DNA damage stimulus', 'regulation of cell cycle']"
CDC42BPG,['actin cytoskeleton reorganization']
ACVR2B,"['insulin secretion', 'mesoderm development', 'anterior/posterior pattern specification', 'transforming growth factor beta receptor signaling pathway', 'transmembrane receptor protein serine/threonine kinase signaling pathway', 'activin receptor signaling pathway', 'kidney development', 'BMP signaling pathway', 'odontogenesis of dentin-containing tooth', 'negative regulation of transcription by RNA polymerase II', 'heart development', 'lung development', 'regulation of transcription, DNA-templated', 'determination of left/right symmetry']"
MET,"['branching morphogenesis of an epithelial tube', 'Wnt signaling pathway', 'positive regulation of protein kinase B signaling', 'cell proliferation', 'negative regulation of Rho protein signal transduction', 'positive regulation of transcription by RNA polymerase II', 'establishment of skin barrier', 'MAPK cascade', 'negative regulation of signal transduction', 'cell surface receptor signaling pathway', 'negative regulation of apoptotic process', 'cell differentiation']"
OBSCN,"['multicellular organism development', 'positive regulation of apoptotic process']"
MAP4K5,['activation of JUN kinase activity']
MAPK3,"['axon guidance', 'BMP signaling pathway', 'apoptotic process', 'DNA damage induced protein phosphorylation', 'positive regulation of gene expression', 'regulation of gene expression', 'Fc-epsilon receptor signaling pathway', 'positive regulation of transcription by RNA polymerase II', 'MAPK cascade', 'ERK1 and ERK2 cascade', 'positive regulation of protein phosphorylation', 'interleukin-1-mediated signaling pathway', 'regulation of ossification']"
NEK9,[]
FLT4,"['positive regulation of cell proliferation', 'sprouting angiogenesis', 'negative regulation of signal transduction', 'vascular endothelial growth factor receptor signaling pathway', 'negative regulation of apoptotic process', 'positive regulation of protein phosphorylation', 'cell differentiation', 'positive regulation of endothelial cell proliferation']"
PHKG2,[]
ACVR2A,"['mesoderm development', 'anterior/posterior pattern specification', 'transforming growth factor beta receptor signaling pathway', 'transmembrane receptor protein serine/threonine kinase signaling pathway', 'activin receptor signaling pathway', 'BMP signaling pathway', 'positive regulation of transcription by RNA polymerase II', 'spermatogenesis', 'determination of left/right symmetry', 'positive regulation of protein phosphorylation', 'regulation of BMP signaling pathway']"
FLT1,"['positive regulation of MAP kinase activity', 'positive regulation of phosphatidylinositol 3-kinase signaling', 'positive regulation of cell proliferation', 'positive regulation of angiogenesis', 'negative regulation of signal transduction', 'angiogenesis', 'cell migration', 'vascular endothelial growth factor receptor signaling pathway', 'negative regulation of apoptotic process', 'cell differentiation']"
DYRK1B,"['myoblast fusion', 'positive regulation of transcription, DNA-templated']"
FASTKD5,[]
CDK8,['positive regulation of transcription by RNA polymerase II']
NME4,['nucleobase-containing small molecule interconversion']
SGK196,['learning or memory']
PRKAA2,"['cell cycle arrest', 'energy homeostasis', 'Wnt signaling pathway', 'positive regulation of macroautophagy', 'positive regulation of autophagy', 'negative regulation of gene expression', 'glucose homeostasis', 'transcription, DNA-templated', 'regulation of transcription, DNA-templated', 'negative regulation of apoptotic process']"
PAK6,"['regulation of MAPK cascade', 'regulation of transcription, DNA-templated', 'apoptotic process']"
MAP2K3,"['inflammatory response', 'positive regulation of transcription, DNA-templated']"
FRK,"['negative regulation of cell proliferation', 'negative regulation of transcription by RNA polymerase II', 'cell differentiation']"
GUCY2D,[]
ILK,"['cell cycle arrest', 'positive regulation of NIK/NF-kappaB signaling', 'positive regulation of transcription, DNA-templated', 'positive regulation of axon extension', 'positive regulation of cell-matrix adhesion', 'positive regulation of protein kinase B signaling', 'cell proliferation', 'positive regulation of MAP kinase activity', 'positive regulation of cell proliferation', 'positive regulation of myoblast differentiation', 'negative regulation of protein kinase activity', 'MAPK cascade', 'cell-matrix adhesion', 'positive regulation of phosphorylation', 'positive regulation of protein phosphorylation']"
AMHR2,"['male gonad development', 'transforming growth factor beta receptor signaling pathway', 'Mullerian duct regression', 'anti-Mullerian hormone signaling pathway', 'negative regulation of anti-Mullerian hormone signaling pathway', 'sex differentiation', 'BMP signaling pathway']"
TNK1,"['regulation of cell proliferation', 'negative regulation of cell growth', 'cell differentiation']"
MINK1,"['multicellular organism development', 'dendrite morphogenesis', 'MAPK cascade', 'actin cytoskeleton reorganization', 'chemical synaptic transmission']"
CLK1,['cell proliferation']
BLK,['cell differentiation']
CSNK2A2,"['apoptotic process', 'Wnt signaling pathway', 'transcription, DNA-templated', 'spermatogenesis', 'regulation of transcription, DNA-templated', 'negative regulation of apoptotic signaling pathway']"
PRKG1,"['forebrain development', 'actin cytoskeleton organization']"
MTOR,"['positive regulation of dendritic spine development', 'positive regulation of protein kinase B signaling', 'positive regulation of nitric oxide biosynthetic process', 'positive regulation of peptidyl-tyrosine phosphorylation', 'negative regulation of protein phosphorylation', 'positive regulation of protein phosphorylation', 'positive regulation of endothelial cell proliferation', 'cell cycle arrest', 'visual learning', 'wound healing', 'negative regulation of calcineurin-NFAT signaling cascade', 'response to cocaine', 'response to morphine', 'positive regulation of gene expression', 'positive regulation of myotube differentiation']"
PCK2,"['cellular response to insulin stimulus', 'pyruvate metabolic process']"
NEK11,[]
BRSK2,"['regulation of insulin secretion involved in cellular response to glucose stimulus', 'actin cytoskeleton reorganization', 'neuron differentiation']"
PLK2,"['negative regulation of angiogenesis', 'positive regulation of protein binding', 'positive regulation of I-kappaB kinase/NF-kappaB signaling', 'long-term synaptic depression', 'positive regulation of autophagy', 'negative regulation of apoptotic process']"
